,active_installs,cloud_avg_price,cloud_max_price,cloud_min_price,cloud_review_rate1,cloud_review_rate2,cloud_review_rate3,cloud_review_rate4,cloud_review_rate5,delta_installs,deployment_cloud,deployment_data_center,deployment_server,description,downloads,is_top_vendor,is_vendor_atlasian,license,market_name,marketplace_type,plugin_system_version,rating_num,rating_score,rating_stars,release_date,vendor_name,version,version_build_number,server_avg_price,server_max_price,server_min_price,server_review_rate1,server_review_rate2,server_review_rate3,server_review_rate4,server_review_rate5,dataCenter_avg_price,dataCenter_max_price,dataCenter_min_price,dataCenter_review_rate1,dataCenter_review_rate2,dataCenter_review_rate3,dataCenter_review_rate4,dataCenter_review_rate5
0,992.0,12004.0,29500.0,10.0,4.0,4.0,4.0,4.0,3.0,5.0,1.0,0.0,0.0,Simple and effective project cost and revenue tracking for Tempo Timesheets with clear overview of all your projects and budgeting,7.0,0.0,0.0,commercial,Cost Tracker for Tempo Timesheets,Paid via Atlassian,Three,12.0,2.567476153006537,3.666666746139526,1578910582892.0,Tempo for JIRA,1.0.3-AC,1000003.0,,,,,,,,,,,,,,,,
1,808.0,6013.0,16175.0,5.0,4.0,4.0,4.0,4.0,3.0,1.0,1.0,0.0,0.0,Easiest and precise time tracking. Log work automatically. Overview your team with powerful reports. Tempo alternative,6.0,0.0,0.0,commercial,Clockwork Automated Timesheets Pro,Paid via Atlassian,Three,33.0,3.079205483784433,3.757575750350952,1536914801432.0,HeroCoders,1.3.26-AC,1003026.0,,,,,,,,,,,,,,,,
2,3556.0,9095.0,22750.0,10.0,4.0,4.0,3.0,3.0,2.0,18.0,1.0,0.0,0.0,"Custom Jira reports and charts. Visualize and analyze Jira, DevOps, popular apps, and more with Jira custom reporting & charts app",15.0,0.0,0.0,commercial,eazyBI Reports and Charts for Jira Cloud,Paid via Atlassian,Three,71.0,2.903887029017039,3.366197109222412,1379289600000.0,eazyBI,6.0.2-AC,6000002.0,,,,,,,,,,,,,,,,
3,903.0,,,,,,,,,17.0,0.0,0.0,1.0,Browse issues and create events in calendar format,27808.0,0.0,0.0,commercial,My.com Calendar,Paid via Atlassian,Two,258.0,3.56153678291168,3.794573545455933,1439337600000.0,My.com,4.0.3,1110.0,3554.0,8712.0,20.0,1.0,4.0,2.0,1.0,1.0,,,,,,,,
4,2528.0,,,,,,,,,11.0,0.0,1.0,1.0,"Full-blown native Excel exports, spreadsheet reports and Business Intelligence for Jira",38495.0,0.0,0.0,commercial,Better Excel Exporter for Jira,Paid via Atlassian,Two,142.0,3.63321777078843,3.94366192817688,1544808440015.0,Midori Global Consulting Kft.,6.2.0,200006002000.0,2958.0,6990.0,10.0,3.0,3.0,4.0,4.0,4.0,6075.0,7990.0,590.0,4.0,4.0,4.0,4.0,4.0
5,846.0,4966.0,9000.0,5.0,4.0,4.0,4.0,4.0,4.0,7.0,1.0,0.0,1.0,Toggl Integration for Jira ‚Äî your integrated time tracking,1974.0,0.0,0.0,commercial,Toggl Integration for Jira,Paid via Atlassian,Two,29.0,2.897430816398105,3.620689630508423,1487607974025.0,Lizard Brain UG,2.1.36-SNAPSHOT,1002071.0,2140.0,8000.0,10.0,4.0,4.0,4.0,4.0,4.0,,,,,,,,
6,2592.0,6974.0,20375.0,2.35,4.0,3.0,4.0,4.0,4.0,-27.0,1.0,0.0,0.0,Fast and easy worklog reports for your team,4.0,0.0,0.0,commercial,Team Worklog Reports,Paid via Atlassian,Three,33.0,3.018094671398543,3.696969747543335,1532507775750.0,Gebsun,10.0.6-AC,10000006.0,,,,,,,,,,,,,,,,
7,708.0,,,,,,,,,-1.0,0.0,1.0,1.0,Effective time tracking and reporting for Jira,16868.0,0.0,0.0,commercial,WorklogPRO - Timesheets for Jira,Paid via Atlassian,Two,28.0,3.195054251735052,3.928571462631226,1590073373065.0,The Starware,4.7.0,2160.0,3018.0,8000.0,10.0,4.0,4.0,4.0,3.0,4.0,8413.0,16600.0,465.0,4.0,4.0,3.0,4.0,4.0
8,4143.0,,,,,,,,,43.0,0.0,1.0,1.0,"Custom Jira reports and charts. Visualize and analyze Jira, DevOps, popular apps, and more with Jira custom reporting & charts app",88173.0,0.0,0.0,commercial,eazyBI Reports and Charts for Jira,Paid via Atlassian,Two,106.0,3.501210777414191,3.867924451828003,1535688730368.0,eazyBI,6.1.2,6010202.0,2555.0,6000.0,100.0,4.0,4.0,4.0,4.0,4.0,4903.0,6000.0,900.0,4.0,4.0,4.0,4.0,4.0
9,2995.0,5770.0,15900.0,1.0,0.0,0.0,0.0,0.0,0.0,109.0,1.0,1.0,1.0,"Visualize dependencies and timelines across large-scale projects with an adaptable, easy-to-use Gantt chart solution for Jira",26803.0,0.0,0.0,commercial,Structure.Gantt - Planning at Scale,Paid via Atlassian,Three,17.0,2.822547505181056,3.764705896377564,1599643391461.0,ALM Works,1.0.0-AC,1000000.0,2306.0,6000.0,10.0,4.0,4.0,4.0,4.0,4.0,6391.0,14000.0,550.0,4.0,0.0,0.0,0.0,0.0
10,2027.0,26915.0,77250.0,10.0,4.0,4.0,1.0,4.0,4.0,-9.0,1.0,1.0,1.0,"A must-have reporting app for Jira. Easily build meaningful reports to support daily operations, executive reporting and much more",16468.0,0.0,0.0,commercial,Reports and Timesheets for Jira,Paid via Atlassian,Two,77.0,3.049194655660134,3.49350643157959,1544823507914.0,Bob Swift Atlassian Apps (an Appfire company),6.1.5,1005960.0,9021.0,22999.0,99.0,4.0,4.0,4.0,4.0,4.0,17609.0,25499.0,1899.0,4.0,4.0,4.0,4.0,3.0
11,1100.0,13453.0,40175.0,5.0,4.0,4.0,4.0,4.0,4.0,8.0,1.0,1.0,1.0,"Manage your team workload, easily ‚Äì For Scrum & Kanban",2909.0,0.0,0.0,commercial,Capacity Tracker,Paid via Atlassian,Two,19.0,2.744205537372004,3.631578922271728,1546037847619.0,Inprowiser Engineering,1.1.14,100101401.0,2155.0,6500.0,10.0,3.0,4.0,4.0,4.0,0.0,6494.0,15000.0,350.0,2.0,0.0,0.0,0.0,0.0
12,584.0,24555.0,56125.0,10.0,4.0,4.0,3.0,3.0,4.0,2.0,1.0,1.0,1.0,Resource Planning & Task Tracking Team Workload Management Timesheets and Reports,476.0,0.0,0.0,commercial,ActivityTimeline: Plan & Track Resources,Paid via Atlassian,Two,46.0,3.323870124445572,3.89130425453186,1596803761723.0,Reliex,8.0.18,80001801.0,6346.0,17190.0,100.0,4.0,0.0,0.0,0.0,0.0,13621.0,22990.0,1100.0,0.0,0.0,0.0,0.0,0.0
13,1411.0,16176.0,44400.0,5.0,4.0,4.0,3.0,4.0,4.0,23.0,1.0,1.0,1.0,"Best-selling SLA tracking app with solid configuration, reporting and searching features. Available on all Jira applications",33171.0,0.0,0.0,commercial,Time to SLA,Paid via Atlassian,Three,65.0,3.386942678841577,3.861538410186768,1591196807127.0,Snapbytes,1.2.4-AC,1002004.0,2423.0,6000.0,10.0,4.0,4.0,4.0,4.0,4.0,4857.0,8000.0,500.0,4.0,4.0,4.0,4.0,4.0
14,1447.0,6955.0,20350.0,2.5,3.0,3.0,4.0,4.0,4.0,7.0,1.0,1.0,1.0,Time reports and time tracking for members of your team done in an easy and flexible way,2585.0,0.0,0.0,commercial,Worklogs - Time Tracking and Reports,Paid via Atlassian,Two,44.0,3.164033705644209,3.75,1541548823318.0,SolDevelo,1.3.2,2001559.0,1262.0,3040.0,10.0,4.0,0.0,0.0,0.0,0.0,1617.0,2900.0,100.0,0.0,0.0,0.0,0.0,0.0
15,11464.0,4027.0,10800.0,5.0,1.0,4.0,4.0,4.0,2.0,28.0,1.0,1.0,1.0,"Tempo‚Äôs entry-level time reporting app that extends Jira, capturing time spent on every project flow",247938.0,0.0,0.0,commercial,Timesheet Reports and Gadgets,Paid via Atlassian,Two,220.0,3.00524476811149,3.268181800842285,1545670445546.0,"Prime Timesheet, s.r.o",4.2.3,2191.0,368.0,1000.0,10.0,4.0,4.0,3.0,3.0,3.0,865.0,1550.0,75.0,1.0,1.0,4.0,4.0,4.0
16,1172.0,4062.0,8850.0,4.0,2.0,3.0,4.0,4.0,2.0,5.0,1.0,1.0,1.0,Explore Agile hierarchy in a flexible way with powerful calculations and analytics at scale,30906.0,0.0,0.0,commercial,Links Hierarchy Jira+Agile,Paid via Atlassian,Three,22.0,2.722041029154847,3.545454502105713,1604059038864.0,Marketplace Expert SL,1.0.2-AC,1000002.0,2040.0,6000.0,10.0,4.0,4.0,2.0,2.0,3.0,4587.0,8000.0,300.0,4.0,2.0,2.0,3.0,4.0
17,2280.0,2365.0,5800.0,5.0,2.0,3.0,4.0,3.0,3.0,8.0,1.0,1.0,1.0,Never enter worklogs manually again. Track time seamlessly and precisely,17843.0,0.0,0.0,commercial,Automated Log Work for Jira,Paid via Atlassian,Two,97.0,2.503032510752255,2.886597871780396,1567207303125.0,Gebsun,6.9.1,3001164.0,484.0,1200.0,10.0,2.0,4.0,3.0,4.0,4.0,2037.0,5000.0,100.0,4.0,1.0,2.0,4.0,1.0
18,25213.0,20126.0,43750.0,10.0,4.0,4.0,1.0,3.0,1.0,4.0,1.0,1.0,1.0,The #1 time management product in the Atlassian ecosystem since 2010,396714.0,0.0,0.0,commercial,Tempo Timesheets-Time Tracking & Reports,Paid via Atlassian,Two,445.0,2.629557144703842,2.811235904693604,1535771736153.0,Tempo for JIRA,10.18.5,1300872.0,8672.0,23000.0,100.0,2.0,3.0,3.0,1.0,4.0,22339.0,45000.0,1500.0,4.0,4.0,4.0,4.0,4.0
19,3663.0,9546.0,23325.0,2.0,4.0,4.0,4.0,4.0,4.0,2.0,1.0,1.0,1.0,"Customizable PDF export for Jira: issue lists, dashboards, timesheets, invoices, Release Notes, story cards & custom documents",60290.0,0.0,0.0,commercial-free,Better PDF Exporter for Jira,Paid via Atlassian,Three,259.0,3.663272069242108,3.891891956329346,1557741606674.0,Midori Global Consulting Kft.,1.2.6-AC,1002006.0,2958.0,6990.0,10.0,4.0,4.0,4.0,4.0,4.0,6075.0,7990.0,590.0,4.0,3.0,4.0,4.0,4.0
20,1583.0,9158.0,26025.0,1.25,1.0,4.0,4.0,4.0,4.0,-1.0,1.0,1.0,1.0,"Jira ticket tracking & monitoring, bug tracking, export ticket history, project statistics, see history of issues",16407.0,0.0,0.0,commercial,Issue History Collector | See History,Paid via Atlassian,Two,32.0,2.843923397812578,3.53125,1560856606293.0,Cprime,2.1.10-jira8,1005160.0,920.0,4000.0,10.0,4.0,4.0,4.0,4.0,4.0,2789.0,5500.0,130.0,3.0,4.0,3.0,4.0,4.0
21,985.0,7352.0,20800.0,7.0,1.0,1.0,2.0,1.0,1.0,12.0,1.0,1.0,1.0,"Calendar helps you plan any kind of personal and team‚Äôs activities, no matter who are you - marketer, HR, legal or project manager",12597.0,0.0,0.0,commercial,Calendar for Jira - Plan Team Activities,Paid via Atlassian,Two,75.0,2.310599775602044,2.733333349227905,1565100161583.0,Teamlead,1.10.1,100700621.0,1262.0,3040.0,10.0,3.0,2.0,2.0,1.0,1.0,4121.0,10000.0,300.0,3.0,1.0,1.0,2.0,1.0
22,1677.0,3031.0,6675.0,5.0,4.0,4.0,3.0,4.0,4.0,-5.0,1.0,1.0,1.0,"Planning and tracking your own and team time, report generation, calendar export, conditional colors, and much more",9343.0,0.0,0.0,commercial,Work Time Calendar for Jira,Paid via Atlassian,Two,62.0,3.118472368973309,3.612903118133545,1557832574681.0,BrizoIT,5.0.51,200400920.0,778.0,2000.0,10.0,1.0,4.0,4.0,4.0,4.0,2260.0,6000.0,200.0,4.0,4.0,4.0,2.0,4.0
23,2126.0,4306.0,11125.0,5.0,4.0,4.0,4.0,4.0,4.0,20.0,1.0,1.0,1.0,"Identify bottlenecks in your process by reporting on how much time each issue spent on each status, each assignee or each group",19813.0,0.0,0.0,commercial,Time in Status,Paid via Atlassian,Three,39.0,2.715197719483985,3.333333253860474,1554393612355.0,OBSS,1.2.6-AC,1002006.0,1534.0,5500.0,10.0,4.0,3.0,4.0,4.0,4.0,5541.0,11000.0,250.0,3.0,3.0,3.0,3.0,4.0
24,1916.0,10070.0,17000.0,5.0,4.0,4.0,4.0,4.0,4.0,19.0,1.0,1.0,1.0,Top-rated app that supports Team Managers and Scrum Masters to facilitate accurate and convenient backlog estimations by the teams,19005.0,0.0,0.0,commercial,Agile Poker for Jira-planning&estimation,Paid via Atlassian,Two,86.0,3.389844321414651,3.802325487136841,1535688745324.0,Spartez Software,5.5.5,100002630.0,3295.0,8000.0,10.0,4.0,4.0,4.0,4.0,4.0,17000.0,30000.0,5000.0,4.0,4.0,4.0,4.0,3.0
25,5038.0,9841.0,26750.0,2.5,1.0,3.0,2.0,3.0,1.0,15.0,1.0,1.0,1.0,Visualize success! See your plans clearly with the Jira Gantt chart plugin designed for busy project management professionals,33190.0,0.0,0.0,commercial,WBS Gantt-Chart for Jira,Paid via Atlassian,Three,98.0,2.390110991003171,2.765306234359741,1561637754378.0,"Ricksoft, Inc.",1.1.14-AC,1001014.0,2456.0,6000.0,10.0,2.0,3.0,4.0,1.0,4.0,11917.0,25000.0,700.0,3.0,4.0,4.0,4.0,4.0
26,2057.0,6331.0,15425.0,2.5,4.0,4.0,2.0,4.0,3.0,2.0,1.0,1.0,1.0,Simple and easy time tracking for Jira with powerful timesheet and cost reporting,32382.0,0.0,0.0,commercial,Timetracker - Time Tracking & Reporting,Paid via Atlassian,Two,59.0,2.866280771910216,3.372881412506104,1583247417880.0,Everit Kft.,4.8.1,201903192581.0,2678.0,8000.0,10.0,1.0,4.0,2.0,4.0,3.0,5987.0,12000.0,400.0,3.0,3.0,2.0,4.0,3.0
27,5412.0,1950.0,5325.0,2.5,2.0,4.0,3.0,3.0,3.0,19.0,1.0,1.0,1.0,"Flexible time tracking and reporting of time spent on Projects, Epics or Initiatives broken down by Days, Users or Issue Statuses",10927.0,0.0,0.0,commercial,Time Reports,Paid via Atlassian,Two,104.0,2.513667620585512,2.884615421295166,1599044261302.0,"Prime Timesheet, s.r.o",2.9.8,12981.0,185.0,500.0,10.0,4.0,4.0,4.0,4.0,4.0,475.0,825.0,40.0,4.0,4.0,4.0,3.0,4.0
28,1499.0,6774.0,12125.0,15.0,4.0,4.0,4.0,4.0,4.0,3.0,1.0,1.0,1.0,Top Rated. Cloud Security Compliant. Planning Poker,3089.0,0.0,0.0,commercial,Planning Poker ¬Æ,Paid via Atlassian,Two,101.0,3.505735415669868,3.881188154220581,1560434783821.0,Lizard Brain UG,3.0.8-SNAPSHOT,3004410.0,2670.0,6600.0,10.0,4.0,4.0,4.0,4.0,4.0,7182.0,16000.0,600.0,4.0,4.0,4.0,4.0,4.0
29,8861.0,0.0,0.0,0.0,4.0,4.0,3.0,3.0,3.0,74.0,1.0,1.0,1.0,Top 1 Trending time tracking app ! Powerful and easy to use timesheet reports based on users worklogs,21013.0,0.0,0.0,commercial,Timesheet tracking for Jira,Paid via Atlassian,Two,59.0,3.206850593194449,3.711864471435547,1580736486852.0,TouchDown,3.8.9,830000032.0,2662.0,9000.0,10.0,4.0,4.0,4.0,4.0,4.0,14078.0,22500.0,500.0,4.0,0.0,0.0,0.0,0.0
30,457.0,11937.0,32250.0,10.0,2.0,2.0,4.0,3.0,4.0,3.0,1.0,0.0,0.0,"üöÄJira release management with portfolio roadmaps, cross-project releases, versions sync, release templates & release dashboards",7.0,0.0,0.0,commercial,Swanly - Portfolio Release Roadmaps Jira,Paid via Atlassian,Three,18.0,2.650464169948783,3.555555582046509,1537895443333.0,Jexo,2.1.37-AC,2001037.0,,,,,,,,,,,,,,,,
31,409.0,,,,,,,,,0.0,0.0,0.0,1.0,"Easy, flexible time tracking, powerful reporting, and accounting for Jira",23167.0,0.0,0.0,commercial,ictime TimeTracking & Reporting for Jira,Paid via Atlassian,Two,29.0,2.999926202210167,3.724138021469116,1341378000000.0,Smadoa GmbH,5.8.8.7,5008080070.0,2301.0,7000.0,10.0,4.0,4.0,3.0,4.0,4.0,,,,,,,,
32,443.0,5428.0,15500.0,5.0,4.0,4.0,4.0,4.0,4.0,1.0,1.0,0.0,0.0,Harvest powered time tracking right from issues in Jira,4.0,0.0,0.0,commercial,Harvest Time Tracking by 42nd,Paid via Atlassian,Three,16.0,2.780869865095766,3.75,1512513014967.0,42nd,1.0.8-AC,1000008.0,,,,,,,,,,,,,,,,
33,275.0,0.0,0.0,0.0,2.0,0.0,0.0,0.0,0.0,19.0,1.0,0.0,0.0,"Roll-up Summary reports for Epics, Sprints, Fix Versions, Agile Boards and more",4.0,0.0,0.0,commercial,Roll-Up Reports for Jira,Free,Three,5.0,1.685496968553984,3.0,1509701032992.0,Bob Swift Atlassian Apps (an Appfire company),1.1.0-AC,1001000.0,,,,,,,,,,,,,,,,
34,2880.0,0.0,0.0,0.0,4.0,4.0,2.0,4.0,4.0,55.0,1.0,0.0,0.0,Easiest and precise time tracking. Never log work manually again. Overview your team or company worklogs with powerful reports,2.0,0.0,0.0,commercial-free,Clockwork Automated Timesheets Free,Free,Three,31.0,3.173136523498132,3.870967626571655,1567779392887.0,HeroCoders,1.1.25-AC,1001025.0,,,,,,,,,,,,,,,,
35,281.0,,,,,,,,,10.0,0.0,0.0,1.0,Relative or explicit time? This converter allows you to display both values in the same time,1035.0,0.0,0.0,commercial-free,Relative Time Converter,Free,Two,9.0,2.613406419553356,3.888888835906982,1469616518110.0,"MoroSystems, s.r.o.",1.1.3,100100300.0,10.0,10.0,10.0,3.0,4.0,4.0,4.0,4.0,,,,,,,,
36,247.0,6825.0,17125.0,10.0,4.0,4.0,2.0,4.0,4.0,1.0,1.0,0.0,0.0,"Visualise any project, release or cross project filter in a tree with rolled up estimate progress reports.  No config required",5.0,0.0,0.0,commercial,Agile Docs - Estimate Tree for Jira,Paid via Atlassian,Three,6.0,2.205512856686552,3.666666746139526,1558406929492.0,Rhys Diab,1.2.49-AC,1002049.0,,,,,,,,,,,,,,,,
37,0.0,,,,,,,,,-2147483648.0,0.0,0.0,1.0,The Jira Calendar Plugin shows issues and versions in a calendar format based on their due date,0.0,0.0,1.0,bsd,Jira Calendar Plugin,Free,Two,110.0,2.564351261989664,2.927272796630859,1254459600000.0,Atlassian,5.0.0,400000310.0,0.0,0.0,0.0,1.0,3.0,3.0,4.0,4.0,,,,,,,,
38,205.0,,,,,,,,,3.0,0.0,0.0,1.0,Extended time logging for more than just Jira tasks. Time logging & reporting for everything else that's not part of a project,2107.0,0.0,0.0,commercial,Miscellaneous Tracking for Jira,Free,Two,9.0,2.330545914312256,3.555555582046509,1470204589076.0,ADWEB Software,8.0.3,800000300.0,34.0,50.0,20.0,4.0,3.0,4.0,4.0,4.0,,,,,,,,
39,490.0,6578.0,14775.0,3.5,4.0,3.0,4.0,4.0,1.0,5.0,1.0,0.0,0.0,Generate time reports for Jira issues,4.0,0.0,0.0,commercial,Time in Status for Jira Cloud,Paid via Atlassian,Three,18.0,2.164759661366949,3.0,1542969523357.0,SaaSJet,1.3.10-AC,1003010.0,,,,,,,,,,,,,,,,
40,529.0,,,,,,,,,12.0,0.0,1.0,1.0,"Shows time in selected statuses. Configure calculate time in status, timers, work calendars, JQL functions. Suitable for SLA",4165.0,0.0,0.0,bsd,Time in status | SLA | Timer | Stopwatch,Paid via Atlassian,Two,4.0,2.208993904840618,4.0,1597132306491.0,JiBrok,4.7.1-jira8.9,400700070.0,0.0,0.0,0.0,4.0,4.0,4.0,4.0,0.0,4382.0,6300.0,300.0,0.0,0.0,0.0,0.0,0.0
41,533.0,,,,,,,,,6.0,0.0,1.0,1.0,Hide time tracking information from external users,8746.0,0.0,0.0,commercial,Hide Time Tracking for Jira Server,Paid via Atlassian,Two,17.0,2.193293290356954,3.058823585510254,1574176558637.0,Gebsun,5.2.0,770.0,484.0,1200.0,10.0,4.0,4.0,1.0,1.0,4.0,2037.0,5000.0,100.0,4.0,4.0,3.0,1.0,1.0
42,478.0,5384.0,10425.0,2.0,4.0,4.0,4.0,0.0,0.0,38.0,1.0,0.0,1.0,Project visualization via Gantt chart. Tasks and resources planning. Easy to setup. Intuitive UI,1114.0,0.0,0.0,commercial,Gantt Suite for Jira,Free,Two,7.0,2.441682776165097,3.857142925262451,1594120308815.0,BrizoIT,1.8.11,1000145.0,0.0,0.0,0.0,4.0,4.0,4.0,0.0,0.0,,,,,,,,
43,144.0,,,,,,,,,7.0,0.0,0.0,1.0,Straightforward and easy resource planning and transparency,3491.0,0.0,0.0,commercial,AIM Resource Management for Jira,Paid via Atlassian,Two,7.0,2.561761128183347,4.0,1463471935080.0,AIM - Agile IT Management,1.9.12-202009081018,1002736.0,4856.0,12000.0,10.0,4.0,4.0,4.0,4.0,4.0,,,,,,,,
44,144.0,28304.0,73750.0,10.0,4.0,4.0,4.0,4.0,0.0,3.0,1.0,0.0,0.0,üëè Create invoices from Jira worklogs in a few clicks¬†¬†üßê Time and cost reports for clients ¬†‚úÖ Find uninvoiced Jira hours,0.0,0.0,0.0,commercial,Clerk ‚Äî Billing & Invoicing for Jira,Paid via Atlassian,Three,7.0,2.561761128183347,4.0,1572943450083.0,Clerk,1.1.0-AC,1001000.0,,,,,,,,,,,,,,,,
45,262.0,,,,,,,,,5.0,0.0,1.0,1.0,Increase productivity with interactive dashboards & reports for timesheets & work logs,1259.0,0.0,0.0,commercial,Rich Filters::Time Tracking Dashboards,Paid via Atlassian,Two,2.0,1.796968276959556,4.0,1564615736071.0,Qotilabs,1.2.3,100200301.0,122.0,300.0,10.0,4.0,4.0,0.0,0.0,0.0,272.0,400.0,25.0,0.0,0.0,0.0,0.0,0.0
46,550.0,6111.0,14350.0,1.0,4.0,4.0,0.0,0.0,0.0,3.0,1.0,0.0,1.0,"Gain visibility into your project status & progress in a dashboard gadget. Sum up story points by user, sprint, epic or JQL filter",527.0,0.0,0.0,commercial,Status & Progress Report Gadget for Jira,Paid via Atlassian,Two,6.0,2.46569925664936,4.0,1558102998508.0,Agilis LT,1.1.2,1000107.0,976.0,3000.0,10.0,0.0,0.0,0.0,0.0,0.0,,,,,,,,
47,232.0,7787.0,16375.0,10.0,2.0,1.0,4.0,0.0,0.0,3.0,1.0,0.0,1.0,"Get the overall picture of Multiple Projects on an Annual TimeLine, Plan, Track and Forecast",669.0,0.0,0.0,atlassian-closed-source,Project TimeLine,Paid via Atlassian,Two,11.0,2.42007840652406,3.545454502105713,1529673070362.0,Nemetschek Bulgaria,8.3.1-42,2000180.0,2080.0,5000.0,10.0,0.0,0.0,0.0,0.0,0.0,,,,,,,,
48,248.0,6111.0,14350.0,1.0,3.0,4.0,4.0,0.0,0.0,7.0,1.0,0.0,1.0,"Gain visibility into your time tracking with a dashboard gadget. View timesheets with hours logged by users, projects and more",394.0,0.0,0.0,commercial,Simple Timesheet & Worklog Gadget,Paid via Atlassian,Two,10.0,2.682364785172266,3.900000095367432,1558100279871.0,Agilis LT,1.1.3,1000104.0,976.0,3000.0,10.0,0.0,0.0,0.0,0.0,0.0,,,,,,,,
49,390.0,11636.0,35000.0,0.7,0.0,0.0,0.0,0.0,0.0,11.0,1.0,0.0,1.0,"Timeline, Resource planning, Team capacity",1451.0,0.0,0.0,atlassian-closed-source,Timeline for Jira,Paid via Atlassian,Three,3.0,1.366875666717821,2.666666746139526,1589360604230.0,Geekminds,1.1.2-AC,1001002.0,0.0,0.0,0.0,3.0,0.0,0.0,0.0,0.0,,,,,,,,
50,241.0,5897.0,11000.0,5.0,4.0,4.0,4.0,4.0,4.0,-7.0,1.0,0.0,1.0,Clockify Integration for Jira ‚Äî your integrated time tracking,285.0,0.0,0.0,commercial,Clockify Integration by Lizard Brain,Paid via Atlassian,Two,9.0,2.422116147834978,3.666666746139526,1554883050122.0,Lizard Brain UG,1.0.7-SNAPSHOT,1000051.0,2140.0,8000.0,10.0,4.0,4.0,0.0,0.0,0.0,,,,,,,,
51,189.0,6111.0,14350.0,1.0,0.0,0.0,0.0,0.0,0.0,-5.0,1.0,0.0,1.0,"Get better at time estimation - compare time spent, remaining estimate & original estimate. View progress in a dashboard gadget",355.0,0.0,0.0,commercial,Time Tracking & Estimation Report Gadget,Paid via Atlassian,Two,3.0,2.030545624680458,4.0,1558104237768.0,Agilis LT,1.1.2,1000083.0,976.0,3000.0,10.0,0.0,0.0,0.0,0.0,0.0,,,,,,,,
52,358.0,4063.0,10900.0,4.0,4.0,4.0,4.0,0.0,0.0,5.0,1.0,1.0,1.0,Streamline your activity feed with basic or JQL filter to see what matters most,2550.0,0.0,0.0,commercial,Filters Activity Stream,Paid via Atlassian,Two,17.0,3.054461819127966,4.0,1570538271572.0,Ugubi.io,5.0.4,300300390.0,413.0,1399.0,12.0,4.0,4.0,0.0,0.0,0.0,2739.0,3400.0,250.0,4.0,0.0,0.0,0.0,0.0
53,142.0,8509.0,25225.0,0.5,4.0,0.0,0.0,0.0,0.0,5.0,1.0,1.0,1.0,"Timesheets & Data Analysis for ANY Jira report: Time logs, Custom reports, Templates, HTML & JS framework, Data visualization",1469.0,0.0,0.0,atlassian-closed-source,Report Builder,Paid via Atlassian,Three,24.0,3.037388222643549,3.833333253860474,1583243115821.0,Actonic GmbH,1.2.11-AC,1002011.0,617.0,1800.0,10.0,1.0,0.0,0.0,0.0,0.0,4509.0,15000.0,25.0,0.0,0.0,0.0,0.0,0.0
54,620.0,18604.0,52250.0,10.0,2.0,4.0,1.0,3.0,4.0,-6.0,1.0,1.0,1.0,"Advanced Jira Time Tracking: Powerful time reports, painless time entry, custom attributes, approval process, Tempo integration",3866.0,0.0,0.0,atlassian-closed-source,Timesheets for Jira,Paid via Atlassian,Two,36.0,2.988898858400565,3.638888835906982,1545073259507.0,Bob Swift Atlassian Apps (an Appfire company),3.0.7,1007660.0,6776.0,17249.0,49.0,4.0,4.0,4.0,4.0,4.0,13172.0,18999.0,1499.0,4.0,4.0,4.0,4.0,4.0
55,408.0,7927.0,21450.0,5.0,4.0,2.0,3.0,4.0,3.0,11.0,1.0,1.0,1.0,Smart tracking of logged hours and worklog comments,746.0,0.0,0.0,commercial,Worklogs Report,Paid via Atlassian,Two,9.0,2.330545914312256,3.555555582046509,1572370417820.0,Colined,1.1.17,1002443.0,303.0,750.0,10.0,3.0,0.0,0.0,0.0,0.0,572.0,750.0,65.0,3.0,0.0,0.0,0.0,0.0
56,272.0,20562.0,60700.0,10.0,4.0,4.0,4.0,3.0,2.0,-2.0,1.0,1.0,1.0,Project Management Plugin with Role Based Time Tracking & Estimation Reports Aiding Over 66% Improved Working Efficiency,5234.0,0.0,0.0,commercial,Tracking & Estimation for Jira,Paid via Atlassian,Two,24.0,2.557021590321302,3.333333253860474,1554163616620.0,ADWEB Software,8.1.2,800100260.0,2788.0,10000.0,50.0,4.0,4.0,4.0,3.0,4.0,16139.0,30000.0,500.0,4.0,4.0,4.0,4.0,2.0
57,85.0,3936.0,8650.0,5.0,4.0,4.0,0.0,0.0,0.0,2.0,1.0,1.0,1.0,We provide more value to all Jira Service Management projects,479.0,0.0,0.0,commercial,Feature Bundle - Jira Service Management,Paid via Atlassian,Three,13.0,2.629376976126076,3.692307710647583,1596469190456.0,Appsvio,1.0.5-AC,1000005.0,1678.0,6000.0,10.0,3.0,4.0,4.0,1.0,0.0,10664.0,30000.0,400.0,0.0,0.0,0.0,0.0,0.0
58,242.0,5170.0,12175.0,3.0,4.0,4.0,4.0,4.0,4.0,9.0,1.0,1.0,1.0,"Clear KPI, SLA and OKR reporting. Objective recognition of personal and team goals. Chart and pivot time tracking",2085.0,0.0,0.0,commercial,Performance Objectives: Charts & Reports,Paid via Atlassian,Two,21.0,3.054022537720589,3.904761791229248,1559564540384.0,Nara Syst Ltd.,20.11.10,20191487.0,1923.0,5000.0,10.0,4.0,4.0,4.0,0.0,0.0,4017.0,5000.0,500.0,0.0,0.0,0.0,0.0,0.0
59,358.0,13232.0,31750.0,10.0,4.0,4.0,4.0,1.0,1.0,-3.0,1.0,1.0,1.0,Plan your team and resources commitment for your sprint workload right in your agile scrum board,2285.0,0.0,0.0,commercial,Sprint Capacity Planning & Tracking,Paid via Atlassian,Two,12.0,2.148078688646133,3.166666746139526,1583786565473.0,Add-On Experts Center,1.8.37.5,1004282.0,4748.0,15000.0,10.0,4.0,4.0,2.0,3.0,4.0,11211.0,17500.0,10.0,0.0,0.0,0.0,0.0,0.0
60,166.0,,,,,,,,,-1.0,0.0,0.0,1.0,Sync data between TEMPO calendars and Jira Issue fields,2690.0,0.0,0.0,commercial,Auto Plan Time for TEMPO,Paid via Atlassian,Two,6.0,2.205512856686552,3.666666746139526,1419984000000.0,OBSS,2.5.3.188,188.0,540.0,1750.0,10.0,4.0,3.0,3.0,4.0,0.0,,,,,,,,
61,182.0,,,,,,,,,2.0,0.0,0.0,1.0,Affordable and comprehensive time tracking for Jira,13869.0,0.0,0.0,commercial,Time Tracking And Billing Reporting,Paid via Atlassian,Two,13.0,1.931718595411866,2.846153736114502,1203660000000.0,jPlugs,7.6.1,700600100.0,928.0,2000.0,10.0,3.0,3.0,3.0,4.0,2.0,,,,,,,,
62,73.0,0.0,0.0,0.0,4.0,1.0,4.0,4.0,4.0,-2.0,1.0,0.0,0.0,"Advanced Jira Time Tracking: Powerful time reports, painless time entry, custom attributes, approval process, timeport integration",5.0,0.0,0.0,commercial,Quartz - Time Tracking for Jira,Free,Three,8.0,2.040269491431766,3.25,1551350710447.0,The Digital Group Inc,1.2.11-AC,1002011.0,,,,,,,,,,,,,,,,
63,139.0,5248.0,15300.0,2.0,4.0,4.0,3.0,4.0,1.0,-1.0,1.0,0.0,0.0,Gantt Visualization for your Project for better Task and Resource Management,5.0,0.0,0.0,commercial,Crystal Gantt - for JIRA,Paid via Atlassian,Three,8.0,1.951018040981466,3.125,1527005431106.0,RadiantQ,3.0.0-AC,3000000.0,,,,,,,,,,,,,,,,
64,111.0,,,,,,,,,3.0,0.0,0.0,1.0,Time track with ease,4792.0,0.0,0.0,commercial,Toggl integration for Jira,Paid via Atlassian,Two,10.0,2.255375848795355,3.400000095367432,1367989200000.0,Comerge AG,2.0.26-Final,374.0,2540.0,6000.0,10.0,1.0,4.0,4.0,4.0,0.0,,,,,,,,
65,84.0,66497.0,200000.0,10.0,4.0,4.0,4.0,0.0,0.0,2.0,1.0,0.0,0.0,Simple project planning and resource management tool for Jira,0.0,0.0,0.0,commercial,Planyway Roadmaps for Jira,Paid via Atlassian,Three,3.0,2.030545624680458,4.0,1574309975229.0,Planyway for Jira,1.1.16-AC,1001016.0,,,,,,,,,,,,,,,,
66,131.0,,,,,,,,,3.0,0.0,0.0,1.0,"Analyze the history of statuses and users changes in time, using interactive table and timeline, on demand, directly on your issue",853.0,0.0,0.0,commercial,Status History,Paid via Atlassian,Two,1.0,1.475529529535195,4.0,1504877498840.0,Lime Trees,2.1.1-jira8,2001010.0,348.0,2000.0,10.0,4.0,0.0,0.0,0.0,0.0,,,,,,,,
67,851.0,0.0,0.0,0.0,4.0,4.0,4.0,4.0,2.0,21.0,1.0,0.0,0.0,"Meet the lean time tracking approach, a better alternative to manual work logging. Solution for Capex, SRED, Agile KPIs and more",7.0,0.0,0.0,commercial,Quantify TimeSpent,Free,Three,17.0,2.656409289776444,3.588235378265381,1523349886165.0,Quantify Technologies Inc.,1.5.1-AC,1005001.0,,,,,,,,,,,,,,,,
68,99.0,3937.0,10700.0,5.0,2.0,4.0,2.0,4.0,0.0,2.0,1.0,0.0,0.0,"Timesheets of logged hours by Employee, Project, Issue Type. Set up hourly rates, extract timesheets and spendings in Excel",5.0,0.0,0.0,commercial,Hours Reports (Work Log Time Reports),Paid via Atlassian,Three,4.0,1.60379972774092,3.0,1533822509564.0,Obi Wan Soft LLC,1.2.0-AC,1002000.0,,,,,,,,,,,,,,,,
69,89.0,34777.0,101750.0,4.0,4.0,4.0,0.0,0.0,0.0,-1.0,1.0,0.0,0.0,Simple and seamless one-click time tracking + helpful dashboard gadget,4.0,0.0,0.0,commercial,Hourglass Time Tracking for Jira,Paid via Atlassian,Three,3.0,1.835799099753871,3.666666746139526,1501710784301.0,LunarLincoln,1.2.3-AC,1002003.0,,,,,,,,,,,,,,,,
70,106.0,,,,,,,,,1.0,0.0,0.0,1.0,Export worklogs in Jira to Excel,1231.0,0.0,0.0,commercial,xPort - Custom Worklog Export for Jira,Paid via Atlassian,Two,4.0,2.208993904840618,4.0,1474557434526.0,Decadis AG,1.2.0,10180.0,1038.0,3000.0,10.0,4.0,4.0,4.0,0.0,0.0,,,,,,,,
71,133.0,3414.0,10100.0,1.0,4.0,2.0,4.0,1.0,0.0,-3.0,1.0,0.0,0.0,Smart Timesheet Report tool with dashboard gadget for your worklogs,9.0,0.0,0.0,commercial,Pulse Timesheet with Worklogs Gadget,Paid via Atlassian,Three,9.0,1.989316213965164,3.111111164093018,1515672825472.0,PulseKit,2.2.6-AC,2002006.0,,,,,,,,,,,,,,,,
72,2606.0,0.0,0.0,0.0,2.0,2.0,2.0,1.0,2.0,-6.0,1.0,0.0,0.0,Harvest powered time tracking right from issues in Jira,9.0,0.0,0.0,commercial,Harvest Time Tracking (Official),Free,Three,130.0,1.694688361785306,1.953846096992493,1380067200000.0,Harvest,1.5.4-AC,1005004.0,,,,,,,,,,,,,,,,
73,66.0,,,,,,,,,-2.0,0.0,0.0,1.0,Detailed lists or grouped Success Ratio reports on Jira Service Desk SLA Metrics,862.0,0.0,0.0,commercial,Service Desk Reporter,Paid via Atlassian,Two,4.0,2.208993904840618,4.0,1441756800000.0,OBSS,2.3.4.74,100000074.0,543.0,1750.0,10.0,4.0,0.0,0.0,0.0,0.0,,,,,,,,
74,112.0,35859.0,103000.0,10.0,1.0,2.0,2.0,3.0,3.0,0.0,1.0,0.0,1.0,"Seamless time tracking and reports, bundled with native desktop app. Cross-platform. Simple. Fully integrated",178.0,0.0,0.0,commercial,Chronos -Timetracking System for Jira,Paid via Atlassian,Two,6.0,1.472364054892288,2.5,1558231705029.0,WebPal,0.9,1005113.0,6316.0,15200.0,100.0,3.0,0.0,0.0,0.0,0.0,,,,,,,,
75,82.0,7947.0,21500.0,8.0,0.0,0.0,0.0,0.0,0.0,1.0,1.0,0.0,0.0,"Introducing cross-project sync, component versions and releases, merging components",0.0,0.0,0.0,commercial,Octo - Components Management for Jira,Paid via Atlassian,Three,3.0,2.030545624680458,4.0,1574064873499.0,Jexo,1.1.15-AC,1001015.0,,,,,,,,,,,,,,,,
76,151.0,12262.0,25875.0,1.0,0.0,0.0,0.0,0.0,0.0,7.0,1.0,0.0,1.0,"Create powerful, easy to use custom reports for kanban, scrum or any other teams. Get progress and status reports by user/project",299.0,0.0,0.0,commercial,Simple Custom Reports & Charts for Jira,Paid via Atlassian,Two,3.0,2.030545624680458,4.0,1558235996848.0,Agilis LT,1.1.3,1000107.0,1952.0,6000.0,10.0,0.0,0.0,0.0,0.0,0.0,,,,,,,,
77,130.0,18287.0,55000.0,4.75,2.0,0.0,0.0,0.0,0.0,1.0,1.0,0.0,0.0,"Time tracking spreadsheet exports for Excel & Google Drive, plus time tracking for next-gen projects",4.0,0.0,0.0,commercial,Timesheet Export for Jira,Paid via Atlassian,Three,2.0,1.226156485169116,2.5,1528101513799.0,Wruff,1.1.20-AC,1001020.0,,,,,,,,,,,,,,,,
78,125.0,,,,,,,,,-1.0,0.0,1.0,1.0,"Create professional, custom Microsoft Word reports from your Jira data",8938.0,0.0,0.0,commercial,Intelligent Reports,Paid via Atlassian,Two,9.0,2.422116147834978,3.666666746139526,1586975070709.0,Clarios Technology,3.0.1,310000001.0,2355.0,5000.0,100.0,4.0,4.0,4.0,4.0,4.0,4250.0,5000.0,700.0,4.0,4.0,4.0,4.0,4.0
79,117.0,10171.0,28175.0,1.0,2.0,3.0,2.0,1.0,0.0,1.0,1.0,0.0,1.0,"View time spent by author, assignee, project, team, or any other Jira field available. Easy to use time logs and reports",80.0,0.0,0.0,commercial,Mobius Timesheet - Time Tracking Reports,Paid via Atlassian,Two,21.0,2.773474321414438,3.61904764175415,1557406685643.0,Heckr,1.0.0,100000010.0,235.0,590.0,10.0,0.0,0.0,0.0,0.0,0.0,,,,,,,,
80,79.0,4261.0,11075.0,3.0,4.0,4.0,1.0,0.0,0.0,0.0,1.0,0.0,1.0,"Create reports for time spent on each status or assignee e.g. lead/cycle time, sum/average time in status, status transition count",5.0,0.0,0.0,commercial,Status Time,Paid via Atlassian,Two,8.0,1.951018040981466,3.125,1604853860723.0,Bloompeak,1.2.0.3,1002040.0,1534.0,5500.0,10.0,0.0,0.0,0.0,0.0,0.0,,,,,,,,
81,783.0,0.0,0.0,0.0,1.0,3.0,4.0,0.0,0.0,6.0,1.0,0.0,1.0,Track time spent on Jira issues with one mouse click,441.0,0.0,0.0,commercial-free,TMetric - Time Tracker for Jira,Free,Two,7.0,2.108905525746025,3.428571462631226,1581431897244.0,Devart,2.1.2,200100200.0,0.0,0.0,0.0,3.0,4.0,0.0,0.0,0.0,,,,,,,,
82,616.0,,,,,,,,,0.0,0.0,0.0,1.0,"Have an overview of all your logged time, and log work easily",3480.0,0.0,0.0,asl,TROCK Timetracking Overview And Logging,Free,Two,8.0,2.534079350794783,3.875,1490127516330.0,Johannes  Heger,3.0.7,3000007.0,0.0,0.0,0.0,4.0,3.0,4.0,4.0,4.0,,,,,,,,
83,82.0,5337.0,13350.0,2.5,4.0,4.0,4.0,4.0,4.0,-3.0,1.0,0.0,1.0,Manage your project smarter! Spot the challenges awaiting your team and use the knowledge to upgrade your work every day,224.0,0.0,0.0,commercial,Agile Dashboard for Project Management,Paid via Atlassian,Two,26.0,3.043016291949482,3.807692289352417,1541524593720.0,SolDevelo,1.1.1,2000241.0,1262.0,3040.0,10.0,0.0,0.0,0.0,0.0,0.0,,,,,,,,
84,2860.0,0.0,0.0,0.0,1.0,1.0,1.0,4.0,4.0,-1.0,1.0,0.0,1.0,Use epics as a project context and see all time spent in all containing issues,7946.0,0.0,0.0,commercial,Epic Sum Up - Light,Free,Three,30.0,1.824047110989119,2.400000095367432,1445264626772.0,APTIS GmbH,1.1.16-AC,1001016.0,0.0,0.0,0.0,4.0,4.0,2.0,1.0,2.0,,,,,,,,
85,81.0,37570.0,105000.0,10.0,3.0,0.0,0.0,0.0,0.0,0.0,1.0,1.0,1.0,Get freedom in defining HOW to do your work. Visualize Sprint Backlog and subtasks in a form of a Agile Whiteboard,495.0,0.0,0.0,commercial,Workboard,Paid via Atlassian,Two,7.0,2.215500278397675,3.571428537368774,1557753516691.0,2000BC,3.3.3,1000381.0,3595.0,9000.0,10.0,0.0,0.0,0.0,0.0,0.0,36314.0,100000.0,800.0,0.0,0.0,0.0,0.0,0.0
86,138.0,,,,,,,,,2.0,0.0,1.0,1.0,Log work as another user and keep time tracking updated,847.0,0.0,0.0,commercial,Log work as another user for Jira,Paid via Atlassian,Two,4.0,1.60379972774092,3.0,1585726109323.0,Sistel SL,1.0.11,1000131.0,2770.0,12000.0,10.0,4.0,1.0,3.0,0.0,0.0,5910.0,12500.0,90.0,4.0,1.0,3.0,0.0,0.0
87,95.0,3810.0,8500.0,5.0,1.0,2.0,2.0,0.0,0.0,2.0,1.0,0.0,1.0,Reopening counter for Jira identifies problematic issues in projects. Highlights possible improvement points in a team,193.0,0.0,0.0,commercial,Reopening Counter for Jira,Paid via Atlassian,Two,11.0,1.854334027121582,2.818181753158569,1530095299084.0,Rozdoum,1.2.1,100200100.0,1626.0,7000.0,10.0,0.0,0.0,0.0,0.0,0.0,,,,,,,,
88,1880.0,0.0,0.0,0.0,4.0,3.0,4.0,3.0,1.0,94.0,1.0,0.0,1.0,The only 100% FREE time tracking and timesheet app for Jira,827.0,0.0,0.0,atlassian-closed-source,Clockify: Time Tracking & Timesheet,Free,Two,23.0,2.515376372326979,3.30434775352478,1591686154548.0,COING,1.1.0,1000052.0,0.0,0.0,0.0,0.0,0.0,0.0,0.0,0.0,,,,,,,,
89,89.0,3978.0,7875.0,8.0,3.0,0.0,0.0,0.0,0.0,0.0,1.0,1.0,1.0,Ensure your sprint commitments easily by monitoring correct remaining estimates right at Jira Agile Boards,952.0,0.0,0.0,commercial,Agile Remaining Estimate Counter,Paid via Atlassian,Three,6.0,2.332466686396903,3.833333253860474,1572864418942.0,Rozdoum,1.4.3-AC,1004003.0,2100.0,7000.0,30.0,4.0,0.0,0.0,0.0,0.0,4373.0,10000.0,450.0,0.0,0.0,0.0,0.0,0.0
90,64.0,5428.0,15500.0,5.0,1.0,2.0,4.0,4.0,4.0,-1.0,1.0,0.0,0.0,Toggl powered time tracking right from issues in Jira,4.0,0.0,0.0,commercial,Toggl Time Tracking for Jira,Paid via Atlassian,Three,8.0,1.701358243814735,2.75,1523369818623.0,42nd,1.0.0-AC,1000000.0,,,,,,,,,,,,,,,,
91,949.0,0.0,0.0,0.0,4.0,1.0,1.0,4.0,0.0,2.0,1.0,0.0,0.0,Generate reports & charts using clickable filters/dimensions. Find issues that meet specific criteria,4.0,0.0,0.0,commercial-free,Simple Reports & Charts Lite for Jira,Free,Three,5.0,1.575631498906071,2.799999952316284,1527004295019.0,Agilis LT,1.0.10-AC,1000010.0,,,,,,,,,,,,,,,,
92,51.0,,,,,,,,,-4.0,0.0,0.0,1.0,Add optimistic and pessimistic estimates for Jira issues,235.0,0.0,0.0,commercial-free,Range Estimate for Jira,Free,Two,2.0,1.796968276959556,4.0,1532420236407.0,Rozdoum,1.1.2,100100200.0,698.0,3000.0,10.0,0.0,0.0,0.0,0.0,0.0,,,,,,,,
93,44.0,6847.0,18175.0,3.8,1.0,1.0,1.0,0.0,0.0,-1.0,1.0,0.0,0.0,"Sum up your Epic's Time Spent, Original Estimate, Time Remaining, and Percent Complete. Aggregates all related tasks and subtasks",4.0,0.0,0.0,commercial,Epic Sum Summary - Epic Time Stats,Paid via Atlassian,Three,17.0,2.392865263284427,3.29411768913269,1515152743957.0,Heckr,1.0.0-AC,1000000.0,,,,,,,,,,,,,,,,
94,25.0,3521.0,8175.0,1.0,0.0,0.0,0.0,0.0,0.0,0.0,1.0,0.0,0.0,"Get team or assignee velocity from any JQL query. Also, new velocity metric based on past estimation accuracy. Better capacity",4.0,0.0,0.0,commercial,Velocity & Capacity Forecast Calculator,Paid via Atlassian,Three,7.0,2.561761128183347,4.0,1507886863960.0,Heckr,1.0.0-AC,1000000.0,,,,,,,,,,,,,,,,
95,23.0,3521.0,8175.0,1.0,0.0,0.0,0.0,0.0,0.0,0.0,1.0,0.0,0.0,"High-level project reporting that displays totals for original estimate, time spent, & time remaining. Helps planning & management",4.0,0.0,0.0,commercial,Project Status - Project Time Report,Paid via Atlassian,Three,8.0,2.643254537642571,4.0,1506933670888.0,Heckr,1.0.0-AC,1000000.0,,,,,,,,,,,,,,,,
96,340.0,0.0,0.0,0.0,4.0,4.0,4.0,4.0,4.0,12.0,1.0,0.0,0.0,Planning poker for sprint planning and estimation for distributed and remote teams,9.0,0.0,0.0,commercial,Async Poker - Remote Planning&Estimation,Free,Three,15.0,2.927028190268254,3.933333396911621,1572334198860.0,Async Poker,1.3.15-AC,1003015.0,,,,,,,,,,,,,,,,
97,25.0,,,,,,,,,-2.0,0.0,0.0,1.0,Automatic synchronization of Toggl and Jira - check out our introductory pricing,308.0,0.0,0.0,commercial,Toggl Synchronization for Jira,Paid via Atlassian,Two,6.0,2.46569925664936,4.0,1526293721545.0,"MoroSystems, s.r.o.",2.7.0,200700000.0,10.0,10.0,10.0,0.0,0.0,0.0,0.0,0.0,,,,,,,,
98,375.0,,,,,,,,,-8.0,0.0,0.0,1.0,View and manage your project/subproject/filtered tasks as the Kanban Board,6757.0,0.0,0.0,commercial-free,Artezio Kanban Board for Jira,Free,Two,13.0,2.169778578213411,3.153846263885498,1372136400000.0,Artezio,1.5.1,3108.0,0.0,0.0,0.0,3.0,1.0,4.0,4.0,3.0,,,,,,,,
99,45.0,,,,,,,,,0.0,0.0,0.0,1.0,"Analyze the history of statuses and users changes in time, using reports and interactive table and timeline",689.0,0.0,0.0,commercial,Status History PRO,Paid via Atlassian,Two,3.0,1.660885151931028,3.333333253860474,1505400714332.0,Lime Trees,2.4.2-jira8,2004030.0,1193.0,6000.0,15.0,2.0,4.0,4.0,0.0,0.0,,,,,,,,
100,25.0,9580.0,22400.0,10.0,4.0,0.0,0.0,0.0,0.0,3.0,1.0,0.0,0.0,Budgetizer is an expense tracker for visualizing issues cost in real time,0.0,0.0,0.0,commercial,Budgetizer,Paid via Atlassian,Three,8.0,2.643254537642571,4.0,1591524276687.0,Ugubi.io,1.1.3-AC,1001003.0,,,,,,,,,,,,,,,,
101,582.0,,,,,,,,,0.0,0.0,0.0,1.0,Create burndown/burnup charts in Jira with a simple yet powerful gadget,6002.0,0.0,0.0,commercial-free,Artezio Burndown Chart for Jira,Free,Two,6.0,1.969014087371672,3.333333253860474,1378771200000.0,Artezio,1.6.0,2511.0,0.0,0.0,0.0,2.0,3.0,3.0,4.0,4.0,,,,,,,,
102,48.0,27481.0,81000.0,10.0,1.0,2.0,3.0,4.0,4.0,1.0,1.0,0.0,0.0,Track how your team members use their vacation and sick days yearly limits,5.0,0.0,0.0,commercial,Leave Tracker,Paid via Atlassian,Three,7.0,1.907939390020796,3.142857074737549,1520874028085.0,Alty Inc.,1.0.8-AC,1000008.0,,,,,,,,,,,,,,,,
103,30.0,23543.0,70300.0,5.0,2.0,4.0,0.0,0.0,0.0,-4.0,1.0,0.0,0.0,Manage your SLA for Jira-Issues,2.0,0.0,0.0,commercial,SLA Plugin for Jira,Paid via Atlassian,Three,8.0,2.428611463262384,3.75,1569235958971.0,Lemon dev,1.0.2-AC,1000002.0,,,,,,,,,,,,,,,,
104,53.0,22592.0,66125.0,5.0,3.0,0.0,0.0,0.0,0.0,1.0,1.0,0.0,0.0,Gantt Visualization of your Tasks for better Task and Resource Management. Programs to combine Issues from multiple Projects,4.0,0.0,0.0,commercial,Crystal Gantt Pro - for JIRA,Paid via Atlassian,Three,1.0,1.220365074374526,3.0,1564035940365.0,RadiantQ,1.0.11-AC,1000011.0,,,,,,,,,,,,,,,,
105,34.0,,,,,,,,,0.0,0.0,0.0,1.0,The fastest and easiest way to get time tracking stats for project and team management,706.0,0.0,0.0,commercial,Time Tracking Stats for Jira,Paid via Atlassian,Two,6.0,1.969014087371672,3.333333253860474,1448409600000.0,excentia,1.7,100000200.0,211.0,550.0,10.0,4.0,3.0,4.0,4.0,1.0,,,,,,,,
106,37.0,,,,,,,,,-1.0,0.0,0.0,1.0,Project budget management with issue worklogs,503.0,0.0,0.0,commercial,Project Budget for Jira,Paid via Atlassian,Two,3.0,1.835799099753871,3.666666746139526,1522766666428.0,CURVC Corp.,1.1.3,100100300.0,2223.0,5000.0,10.0,4.0,4.0,0.0,0.0,0.0,,,,,,,,
107,380.0,0.0,0.0,0.0,3.0,1.0,4.0,4.0,4.0,-1.0,1.0,0.0,1.0,"Everhour extends Jira with easy-to-use and accurate time tracking, budgets, reports, and more",1.0,0.0,0.0,commercial,Everhour Time Tracking for Jira,Free,Three,15.0,2.26373993322101,3.200000047683716,1501260189054.0,Everhour (Weavora),1.2.7-AC,1002007.0,0.0,0.0,0.0,1.0,0.0,0.0,0.0,0.0,,,,,,,,
108,349.0,,,,,,,,,1.0,0.0,1.0,1.0,Keep Calm. The countdown has begun,2485.0,0.0,0.0,commercial-free,Countdown Gadget,Free,Two,5.0,1.927724298298077,3.400000095367432,1566309374852.0,Akeles Consulting,1.2.2,100200201.0,0.0,0.0,0.0,4.0,3.0,4.0,2.0,0.0,0.0,0.0,0.0,2.0,0.0,0.0,0.0,0.0
109,66.0,3999.0,10775.0,1.0,3.0,1.0,0.0,0.0,0.0,-1.0,1.0,0.0,1.0,Sum up numbers from a custom field and insert the result into a field inside the parent issue,93.0,0.0,0.0,commercial,Sum it up!,Paid via Atlassian,Two,3.0,1.366875666717821,2.666666746139526,1577899266779.0,Roadmap planner,2.0.1,200000100.0,1262.0,3040.0,10.0,0.0,0.0,0.0,0.0,0.0,,,,,,,,
110,553.0,0.0,0.0,0.0,4.0,0.0,0.0,0.0,0.0,1.0,1.0,0.0,1.0,"Most complete worklog entry manager ! Use stopwatch / timer, enter time spent or time series and manage it all on 1 gadget",308.0,0.0,0.0,commercial-free,eZee Worklog,Free,Three,13.0,2.359853421036885,3.384615421295166,1600078822014.0,Eyzee,1.0.7-AC,1000007.0,0.0,0.0,0.0,1.0,2.0,0.0,0.0,0.0,,,,,,,,
111,138.0,17667.0,49200.0,5.0,0.0,0.0,0.0,0.0,0.0,3.0,1.0,0.0,1.0,Lightweight Sprint Capacity Management for Scrum projects,351.0,0.0,0.0,atlassian-closed-source,Team Capacity Planning,Paid via Atlassian,Three,0.0,0.0,0.0,1575793736076.0,Greenyloop,1.0.12-AC,1000012.0,1068.0,2640.0,10.0,0.0,0.0,0.0,0.0,0.0,,,,,,,,
112,38.0,,,,,,,,,0.0,0.0,1.0,1.0,Use epic estimates to get reliable time tracking across multiple issues,423.0,0.0,0.0,asl,Epic Time Tracking for Jira,Paid via Atlassian,Two,3.0,2.030545624680458,4.0,1560767668528.0,Yiraphic,1.4.3,100400301.0,1011.0,2995.0,10.0,4.0,4.0,0.0,0.0,0.0,2057.0,2995.0,149.0,4.0,0.0,0.0,0.0,0.0
113,410.0,0.0,0.0,0.0,3.0,4.0,0.0,0.0,0.0,11.0,1.0,0.0,1.0,"Create reports for time spent on each status or assignee e.g. lead/cycle time, sum/average time in status, status transition count",58.0,0.0,0.0,commercial-free,Status Time Free,Free,Two,5.0,1.802839732571184,3.200000047683716,1603182254735.0,Bloompeak,1.5.5.7,1005105.0,0.0,0.0,0.0,0.0,0.0,0.0,0.0,0.0,,,,,,,,
114,83.0,14236.0,41075.0,8.0,1.0,0.0,0.0,0.0,0.0,1.0,1.0,0.0,1.0,Track time in Harvest directly from Jira,523.0,0.0,0.0,commercial,Harvester Real-Time Tracking,Paid via Atlassian,Three,4.0,1.110580342518231,1.75,1537152894586.0,Strategery Solutions BVBA,1.0.25-AC,1000025.0,987.0,2400.0,10.0,1.0,1.0,4.0,0.0,0.0,,,,,,,,
115,27.0,,,,,,,,,1.0,0.0,1.0,1.0,"JIRA calendar/timeline planner for project managers, event planners, HR managers, and whoever needs a more visual calendar planner",309.0,0.0,0.0,commercial,Flexible Calendar For Jira,Paid via Atlassian,Two,5.0,2.201069050743017,3.799999952316284,1598893051859.0,Reinwok,2.7.15,1000620.0,958.0,2900.0,10.0,3.0,0.0,0.0,0.0,0.0,2257.0,4900.0,150.0,4.0,0.0,0.0,0.0,0.0
116,413.0,,,,,,,,,7.0,0.0,1.0,1.0,Displays issues estimated work per user over time,7370.0,0.0,0.0,bsd,WorkPlan Report,Free,Two,8.0,1.479362462988869,2.375,1563894832944.0,"Prime Timesheet, s.r.o",2.2.0,175.0,0.0,0.0,0.0,3.0,1.0,4.0,1.0,4.0,0.0,0.0,0.0,1.0,3.0,1.0,4.0,1.0
117,630.0,0.0,0.0,0.0,1.0,0.0,0.0,0.0,0.0,6.0,1.0,1.0,1.0,Sum up the work logs of the tiniest child issues to the epic,884.0,0.0,0.0,commercial-free,EpicTime for Jira - Sum of Worklogs,Free,Two,7.0,2.215500278397675,3.571428537368774,1566488443114.0,Teamlead,1.0.4,100000070.0,0.0,0.0,0.0,0.0,0.0,0.0,0.0,0.0,0.0,0.0,0.0,0.0,0.0,0.0,0.0,0.0
118,46.0,,,,,,,,,-2.0,0.0,1.0,1.0,Manage work log visibility for Privacy or Compliance purposes required by Works Councils/Betriebsrat - Driven by GDPR/DSGVO,678.0,0.0,0.0,commercial,UnView for Jira Server and Data Center,Paid via Atlassian,Two,6.0,1.859014635828471,3.166666746139526,1571729357871.0,Accxia,7.0.1.3,1000490.0,2478.0,6750.0,10.0,4.0,1.0,4.0,4.0,2.0,9465.0,24000.0,1100.0,4.0,0.0,0.0,0.0,0.0
119,23.0,11678.0,23750.0,5.0,0.0,0.0,0.0,0.0,0.0,0.0,1.0,1.0,1.0,"Meet the lean time tracking approach, a better alternative to manual work logging. Timesheets without gaps, work without reminders",121.0,0.0,0.0,commercial,Quantify TimeSpent Pro,Paid via Atlassian,Two,4.0,2.208993904840618,4.0,1598982871872.0,Quantify Technologies Inc.,1.1.23,1002426.0,17427.0,67000.0,100.0,0.0,0.0,0.0,0.0,0.0,21814.0,45000.0,1300.0,0.0,0.0,0.0,0.0,0.0
120,339.0,,,,,,,,,-4.0,0.0,0.0,1.0,Retrieve time tracking data in JSON format via an authenticated RESTful service,3608.0,0.0,0.0,asl,RESTful Worklog Query,Free,Two,4.0,1.73756697984877,3.25,1361426400000.0,Everit Kft.,3.0.2,201506101475.0,0.0,0.0,0.0,4.0,0.0,0.0,0.0,0.0,,,,,,,,
121,24.0,,,,,,,,,1.0,0.0,0.0,1.0,Quickly create and categorize cross project worklogs with custom defined worklog types,203.0,0.0,0.0,commercial,Worklog express,Paid via Atlassian,Two,3.0,2.030545624680458,4.0,1583834703248.0,END2END d.o.o.,8.5.2-SNAPSHOT,800500200.0,2531.0,12500.0,10.0,4.0,4.0,4.0,0.0,0.0,,,,,,,,
122,323.0,0.0,0.0,0.0,2.0,4.0,0.0,0.0,0.0,15.0,1.0,0.0,0.0,Fast resource scheduling and capacity planning for your Jira projects,0.0,0.0,0.0,commercial,Float - Resource Management,Free,Three,4.0,1.481238879880811,2.75,1590365886641.0,Float,1.4.2-AC,1004002.0,,,,,,,,,,,,,,,,
123,14.0,,,,,,,,,3.0,0.0,0.0,1.0,"Create contracts from Tempo Accounts, track service progress & worklogs and grow your billable hours amount using smart reporting",164.0,0.0,0.0,commercial,ContractsPro - Contract Manager for Jira,Paid via Atlassian,Two,9.0,2.713415450110088,4.0,1581085668388.0,MindPro Apps,1.7.0,100700000.0,392.0,1500.0,10.0,4.0,4.0,4.0,4.0,0.0,,,,,,,,
124,22.0,3541.0,10250.0,2.0,4.0,4.0,4.0,0.0,0.0,0.0,1.0,0.0,0.0,PMP¬Æ approved time tracking technique that is providing accuracy to your original estimates,4.0,0.0,0.0,commercial,PERT calculator,Paid via Atlassian,Three,3.0,2.030545624680458,4.0,1516752274538.0,Obi Wan Soft LLC,1.1.12-AC,1001012.0,,,,,,,,,,,,,,,,
125,219.0,0.0,0.0,0.0,2.0,4.0,1.0,4.0,4.0,3.0,1.0,0.0,0.0,Overview: Monitor time in status at a glance. Identify bottlenecks easily with Timentify,0.0,0.0,0.0,commercial-free,Timentify,Free,Three,8.0,1.864786355321714,3.0,1584121034074.0,Ledgerify,1.0.8-AC,1000008.0,,,,,,,,,,,,,,,,
126,221.0,0.0,0.0,0.0,0.0,0.0,0.0,0.0,0.0,0.0,1.0,0.0,0.0,Real-time Analytics on Work and Collaboration Across all your Tools,6.0,0.0,0.0,commercial-free,Worklytics Data Connector,Free,Three,3.0,2.030545624680458,4.0,1450191610147.0,"Worklytics, Co",1.1.10-AC,1001010.0,,,,,,,,,,,,,,,,
127,15.0,3521.0,8175.0,1.0,0.0,0.0,0.0,0.0,0.0,0.0,1.0,0.0,0.0,"Forecast, plan, and monitor your releases, deployments, & projects with Release Manager and our Calculated Release Date gadget",4.0,0.0,0.0,commercial,Release Manager - Deployment Planning,Paid via Atlassian,Three,6.0,2.46569925664936,4.0,1527511320128.0,Heckr,1.0.0-AC,1000000.0,,,,,,,,,,,,,,,,
128,18.0,8222.0,19750.0,2.5,2.0,1.0,0.0,0.0,0.0,1.0,1.0,0.0,0.0,"Actionable time analysis on data like time spent, time estimated, and time remaining",6.0,0.0,0.0,commercial,Advanced Time Analysis for Jira,Paid via Atlassian,Three,12.0,2.2824529862858,3.333333253860474,1472174249814.0,Heckr,1.0.4-AC,1000004.0,,,,,,,,,,,,,,,,
129,17.0,20562.0,60700.0,10.0,0.0,0.0,0.0,0.0,0.0,0.0,1.0,0.0,0.0,"Plan sprints viewing the team capacity and allocation, and past velocity in a single screen ‚Äì SCRUM only",3.0,0.0,0.0,commercial,Sprint planning for Jira - SCRUM Only,Paid via Atlassian,Three,1.0,1.475529529535195,4.0,1562159902261.0,"DiViM, Inc.",1.13.24-AC,1013024.0,,,,,,,,,,,,,,,,
130,39.0,,,,,,,,,-1.0,0.0,0.0,1.0,"Record and track your work automatically, create all worklogs at the same time",534.0,0.0,0.0,commercial,Smart Multi Time Tracking for Jira,Paid via Atlassian,Two,1.0,1.475529529535195,4.0,1470405581221.0,APTIS GmbH,1.4.1,100400100.0,728.0,2500.0,10.0,4.0,0.0,0.0,0.0,0.0,,,,,,,,
131,228.0,0.0,0.0,0.0,4.0,3.0,0.0,0.0,0.0,1.0,1.0,0.0,0.0,See your popular issues at a glance,7.0,0.0,0.0,commercial-free,Usage Statistics for Jira,Free,Three,3.0,1.835799099753871,3.666666746139526,1404345600000.0,Communardo Labs,1.0.2-AC,1000002.0,,,,,,,,,,,,,,,,
132,29.0,,,,,,,,,-1.0,0.0,0.0,1.0,Use this gadget to monitor your weekly workload,370.0,0.0,0.0,commercial,Weekly Activity Gadget,Paid via Atlassian,Two,1.0,1.475529529535195,4.0,1500478009559.0,MESILAT LIMITED,1.0.8,1000070.0,100.0,100.0,100.0,4.0,0.0,0.0,0.0,0.0,,,,,,,,
133,31.0,,,,,,,,,1.0,0.0,0.0,1.0,SLA tracking using Traffic Light and Number of working days elapsed,420.0,0.0,0.0,commercial,Days Elapsed Plugin,Paid via Atlassian,Two,3.0,1.247779919035435,2.333333253860474,1445212800000.0,Akeles Consulting,2.1.0,200100000.0,384.0,1000.0,10.0,1.0,0.0,0.0,0.0,0.0,,,,,,,,
134,19.0,15556.0,45675.0,7.0,0.0,0.0,0.0,0.0,0.0,-1.0,1.0,0.0,0.0,"Brand New! Fully-Integrated, Highly Intuitive JIRA Time Tracking, Timesheets & Reports by Timescale",0.0,0.0,0.0,commercial,Timescale - Time Tracking & Reports,Paid via Atlassian,Three,1.0,1.475529529535195,4.0,1588938774072.0,CentralPoint,1.1.0-AC,1001000.0,,,,,,,,,,,,,,,,
135,8.0,3521.0,8175.0,1.0,0.0,0.0,0.0,0.0,0.0,0.0,1.0,0.0,0.0,Stylish estimate accuracy gadget for displaying how accurate your estimates were versus actual time spent,4.0,0.0,0.0,commercial,Estimate Accuracy Gadget for Jira Cloud,Paid via Atlassian,Three,6.0,2.46569925664936,4.0,1507109934365.0,Heckr,1.0.0-AC,1000000.0,,,,,,,,,,,,,,,,
136,110.0,0.0,0.0,0.0,0.0,0.0,0.0,0.0,0.0,0.0,1.0,0.0,0.0,Instantly connect your developers' work in Jira and your project managers' plans in Project Insight,8.0,0.0,0.0,commercial-free,Project Insight for Jira,Free,Three,1.0,1.475529529535195,4.0,1485314505747.0,Project Insight,1.4.0-AC,1004000.0,,,,,,,,,,,,,,,,
137,137.0,0.0,0.0,0.0,1.0,4.0,0.0,0.0,0.0,10.0,1.0,0.0,0.0,Timely - Time tracking and planning,0.0,0.0,0.0,commercial-free,Timely,Free,Three,3.0,1.504693109250054,3.0,1592549703554.0,Memory,1.1.1-AC,1001001.0,,,,,,,,,,,,,,,,
138,143.0,,,,,,,,,6.0,0.0,0.0,1.0,"Add, delete and update monthly worklogs",1972.0,0.0,0.0,commercial-free,QLogger,Free,Two,5.0,1.802839732571184,3.200000047683716,1354233600000.0,OBSS,2.4.0,65.0,0.0,0.0,0.0,1.0,3.0,0.0,0.0,0.0,,,,,,,,
139,87.0,0.0,0.0,0.0,3.0,0.0,0.0,0.0,0.0,0.0,1.0,0.0,0.0,Boost your productivity with Pomodoro Technique,0.0,0.0,0.0,commercial,Domat Pomodoro for Jira,Free,Three,3.0,1.835799099753871,3.666666746139526,1588683117353.0,Kod Gemisi,1.0.2-AC,1000002.0,,,,,,,,,,,,,,,,
140,227.0,0.0,0.0,0.0,0.0,0.0,0.0,0.0,0.0,17.0,1.0,0.0,0.0,Discover work log data numbers via simple and powerfull reports,0.0,0.0,0.0,commercial-free,Team Worklog Reports Lite,Free,Three,1.0,1.475529529535195,4.0,1596013576827.0,Gebsun,2.1.5-AC,2001005.0,,,,,,,,,,,,,,,,
141,15.0,77102.0,227625.0,7.5,3.0,0.0,0.0,0.0,0.0,0.0,1.0,0.0,0.0,Build a custom Jira Data Connector to import issues in QlikSense and QlikView,0.0,0.0,0.0,commercial,Qlik Connector for Jira,Paid via Atlassian,Three,3.0,1.835799099753871,3.666666746139526,1578665625334.0,PLUGM,1.1.2-AC,1001002.0,,,,,,,,,,,,,,,,
142,121.0,0.0,0.0,0.0,1.0,3.0,0.0,0.0,0.0,3.0,1.0,0.0,0.0,Time tracking your  team will actually use,4.0,0.0,0.0,commercial-free,Timecamp Time Tracking,Free,Three,7.0,1.813405104308986,3.0,1532609435586.0,TimeCamp Inc.,1.0.5-AC,1000005.0,,,,,,,,,,,,,,,,
143,30.0,17706.0,51250.0,10.0,4.0,0.0,0.0,0.0,0.0,0.0,1.0,0.0,1.0,Plan or track Epics in progress by visualizing them on a sprint calendar,41.0,0.0,0.0,commercial,Epic Timeline,Paid via Atlassian,Three,2.0,1.796968276959556,4.0,1583911603407.0,Add-On Experts Center,1.0.2-AC,1000002.0,3546.0,10000.0,10.0,4.0,0.0,0.0,0.0,0.0,,,,,,,,
144,26.0,21552.0,58750.0,5.0,1.0,0.0,0.0,0.0,0.0,1.0,1.0,0.0,1.0,Addon to automate roadmap planning reporting,141.0,0.0,0.0,commercial,Roadmap planner,Paid via Atlassian,Two,2.0,1.226156485169116,2.5,1544284695790.0,Roadmap planner,2.0.4,200000400.0,6306.0,15200.0,10.0,0.0,0.0,0.0,0.0,0.0,,,,,,,,
145,274.0,0.0,0.0,0.0,2.0,1.0,1.0,0.0,0.0,1.0,1.0,0.0,1.0,Drive Work Forward,858.0,0.0,0.0,commercial-free,Workfront for Jira,Free,Two,8.0,1.479362462988869,2.375,1519823452776.0,Workfront Inc.,1.5.3,100500300.0,0.0,0.0,0.0,0.0,0.0,0.0,0.0,0.0,,,,,,,,
146,22.0,,,,,,,,,3.0,0.0,1.0,1.0,Used for planning and time tracking with approval. Efficient time management and fine-grained project overview with intuitive UI,413.0,0.0,0.0,asl,TimeWise-TimeSheets and WorkLog for Jira,Paid via Atlassian,Two,1.0,1.475529529535195,4.0,1588018752574.0,DragonSoft,2.0.1,1000360.0,5707.0,18000.0,10.0,4.0,0.0,0.0,0.0,0.0,9689.0,15000.0,800.0,0.0,0.0,0.0,0.0,0.0
147,277.0,0.0,0.0,0.0,1.0,1.0,2.0,1.0,2.0,1.0,1.0,0.0,0.0,Hide time tracking information from external users,6.0,0.0,0.0,commercial-free,Hide Time Tracking for Jira Cloud,Free,Three,11.0,1.552311971356565,2.363636255264282,1487849619059.0,Gebsun,1.0.9-AC,1000009.0,,,,,,,,,,,,,,,,
148,16.0,,,,,,,,,0.0,0.0,1.0,1.0,Configure SLA Alerts for breaching and breached SLA's and manage which breaches you want to receive notifications for,344.0,0.0,0.0,asl,SLA Alerts Pro for Jira Service Desk,Paid via Atlassian,Two,3.0,2.030545624680458,4.0,1551704044916.0,Yiraphic,1.5.6,100500601.0,1011.0,2995.0,10.0,4.0,0.0,0.0,0.0,0.0,2057.0,2995.0,149.0,0.0,0.0,0.0,0.0,0.0
149,125.0,0.0,0.0,0.0,4.0,3.0,4.0,0.0,0.0,20.0,1.0,1.0,1.0,"Managing project resources, planing tasks, checking team's capacity, logging time, timesheet, reports .. All on a visual board",76.0,0.0,0.0,commercial,TeamBoard - Resource Management for Jira,Free,Two,4.0,2.039560812980776,3.75,1604085459627.0,DevSamurai,1.2.0,1000052.0,0.0,0.0,0.0,0.0,0.0,0.0,0.0,0.0,0.0,0.0,0.0,0.0,0.0,0.0,0.0,0.0
150,106.0,,,,,,,,,3.0,0.0,0.0,1.0,View the time logged by users in the worklog using a convenient timetable directly on the issue,561.0,0.0,0.0,commercial-free,Worklog History,Free,Two,1.0,1.475529529535195,4.0,1511445298767.0,Lime Trees,1.0.0,1000000.0,0.0,0.0,0.0,4.0,0.0,0.0,0.0,0.0,,,,,,,,
151,12.0,,,,,,,,,-1.0,0.0,0.0,1.0,"Are you struggling with getting your team to enter their time? This is the easy, nag-free time tracking enforcement solution",428.0,0.0,0.0,commercial-free,Time Tracking Enforcer for Jira,Paid via Atlassian,Two,4.0,1.73756697984877,3.25,1448071436273.0,"Calvinware, LLC",1.0.5,100000500.0,972.0,2400.0,10.0,3.0,3.0,4.0,3.0,0.0,,,,,,,,
152,76.0,,,,,,,,,3.0,0.0,0.0,1.0,Jira Agile Clock - Simple time measurement for agile meetings,1900.0,0.0,0.0,commercial,Agile Clock for Jira,Paid via Vendor,Two,9.0,1.989316213965164,3.111111164093018,1421798400000.0,CHROBRUS,3.1.0,300100000.0,0.0,0.0,0.0,3.0,3.0,3.0,4.0,4.0,,,,,,,,
153,15.0,,,,,,,,,-1.0,0.0,0.0,1.0,Work hour reports Editable Grid for work hours and Gantt Chart,3068.0,0.0,0.0,commercial,Timesheet and Gantt Chart for Jira,Paid via Atlassian,Two,3.0,1.247779919035435,2.333333253860474,1337922000000.0,i4ware Software,11.8.2,935.0,3494.0,13400.0,100.0,1.0,0.0,0.0,0.0,0.0,,,,,,,,
154,52.0,,,,,,,,,-4.0,0.0,0.0,1.0,FAST and EASY way to inform customers for the time spent on their requests via the Jira Service Desk user portal,822.0,0.0,0.0,atlassian-closed-source,Customer Requests Workload Report,Free,Two,7.0,2.215500278397675,3.571428537368774,1501634836028.0,Nemetschek Bulgaria,2.0.0-21,10702020.0,0.0,0.0,0.0,1.0,0.0,0.0,0.0,0.0,,,,,,,,
155,12.0,,,,,,,,,1.0,0.0,0.0,1.0,View the time logged by users in the JIRA worklog using convenient table,127.0,0.0,0.0,commercial,Worklog History PRO,Paid via Atlassian,Two,1.0,1.475529529535195,4.0,1536845389218.0,Lime Trees,2.2.0-jira8,200200020.0,838.0,3640.0,10.0,4.0,0.0,0.0,0.0,0.0,,,,,,,,
156,58.0,0.0,0.0,0.0,4.0,0.0,0.0,0.0,0.0,3.0,1.0,0.0,0.0,The easiest way to receive a workload report of your team members,0.0,0.0,0.0,commercial,Time To Invoice - Worklog reports,Free,Three,1.0,1.475529529535195,4.0,1591974995149.0,Get-Up,1.0.1-AC,1000001.0,,,,,,,,,,,,,,,,
157,6.0,,,,,,,,,1.0,0.0,0.0,1.0,See absence management in context,31.0,0.0,0.0,commercial,BambooHR Integration for Jira,Paid via Atlassian,Two,1.0,1.475529529535195,4.0,1602838167501.0,New Verve Consulting,1.0.1,100000010.0,3484.0,13400.0,10.0,4.0,0.0,0.0,0.0,0.0,,,,,,,,
158,9.0,,,,,,,,,0.0,0.0,0.0,1.0,Painless and automated billing to online accounting systems from Jira Projects,919.0,0.0,0.0,commercial-free,Fastbucks: Automated Invoicing for Jira,Paid via Atlassian,Two,2.0,1.380962035855613,3.0,1342328400000.0,Izymes Pty Ltd,4.0.0,400000000.0,10.0,10.0,10.0,2.0,0.0,0.0,0.0,0.0,,,,,,,,
159,20.0,,,,,,,,,-2.0,0.0,0.0,1.0,Extends Jira with Time tracking feature and powerful reports,1583.0,0.0,0.0,commercial,Alkaes - Minyaa Time,Paid via Atlassian,Two,0.0,0.0,0.0,1466416297847.0,Alkaes Consulting,80700.1.35,7000161010.0,890.0,2200.0,90.0,0.0,0.0,0.0,0.0,0.0,,,,,,,,
160,6.0,,,,,,,,,0.0,0.0,0.0,1.0,Connect your Jira with FreshBooks and prevent double time reporting for the same issues,1274.0,0.0,0.0,commercial,FreshBooks Connector for Jira,Paid via Atlassian,Two,10.0,2.336546110459657,3.5,1321596000000.0,Rozdoum,0.4.0,300140.0,972.0,2400.0,10.0,2.0,4.0,0.0,0.0,0.0,,,,,,,,
161,73.0,0.0,0.0,0.0,1.0,1.0,4.0,4.0,0.0,0.0,1.0,0.0,0.0,"Best in class Time Tracking, Vacation Management and Project Cost Control. Free and Paid Plans",6.0,0.0,0.0,commercial,Cronforce Time Tracking for Jira,Free,Three,6.0,1.241521750911028,2.0,1441814651911.0,Cronforce,1.0.1-AC,1000001.0,,,,,,,,,,,,,,,,
162,49.0,,,,,,,,,0.0,0.0,0.0,1.0,"SLA for Jira, Timers for Jira, Time in status for Jira",417.0,0.0,0.0,atlassian-closed-source,SLA,Free,Two,4.0,2.039560812980776,3.75,1571229334064.0,Atlas team,0.10.11.21-8.9.0,900400750.0,0.0,0.0,0.0,4.0,4.0,4.0,3.0,0.0,,,,,,,,
163,8.0,,,,,,,,,-1.0,0.0,0.0,1.0,"Restrict your work logs. Prevent log work in the past, non-estimated tasks or without work description",95.0,0.0,0.0,commercial,WorkLog Blocker,Paid via Atlassian,Two,2.0,1.796968276959556,4.0,1562062521892.0,"uniCORE, s.r.o.",1.0.6.1,1000074.0,217.0,800.0,10.0,0.0,0.0,0.0,0.0,0.0,,,,,,,,
164,5.0,,,,,,,,,0.0,0.0,0.0,1.0,Copy or Move worklogs entered by users from one issue to another linked issue,391.0,0.0,0.0,commercial,Worklog Sync,Paid via Atlassian,Two,7.0,2.441682776165097,3.857142925262451,1376265600000.0,OBSS,1.7.0,44.0,233.0,500.0,10.0,4.0,3.0,4.0,0.0,0.0,,,,,,,,
165,7.0,0.0,0.0,0.0,0.0,0.0,0.0,0.0,0.0,-1.0,1.0,0.0,0.0,Sum up estimates or any numerical field in any JQL query quickly and easily using your favorite filters. No config required,0.0,0.0,0.0,commercial,JQL Sum Up,Paid via Atlassian,Three,1.0,1.475529529535195,4.0,1592525091954.0,Rhys Diab,1.4.0-AC,1004000.0,,,,,,,,,,,,,,,,
166,47.0,0.0,0.0,0.0,0.0,0.0,0.0,0.0,0.0,0.0,1.0,0.0,0.0,A simple and efficient way to integrate time tracking on projects in Jira with the rest of your agency business,0.0,0.0,0.0,commercial,Productive Financial Planning for Jira,Free,Three,1.0,1.475529529535195,4.0,1585755619387.0,Productive,1.0.0-AC,1000000.0,,,,,,,,,,,,,,,,
167,64.0,0.0,0.0,0.0,0.0,0.0,0.0,0.0,0.0,1.0,1.0,0.0,0.0,Track time directly from your Jira Issues,2.0,0.0,0.0,commercial-free,TimeChimp Time Tracking,Free,Three,4.0,1.60379972774092,3.0,1507729463143.0,TimeChimp,1.0.3-AC,1000003.0,,,,,,,,,,,,,,,,
168,9.0,5361.0,12350.0,10.0,3.0,0.0,0.0,0.0,0.0,1.0,1.0,0.0,0.0,Simplify cross-project sprint planning with a holistic view of people's commitments and NO configuration required,0.0,0.0,0.0,atlassian-closed-source,Visual Sprint Planning,Paid via Atlassian,Three,1.0,1.220365074374526,3.0,1592293955857.0,Timone,2.0.1-AC,2000001.0,,,,,,,,,,,,,,,,
169,8.0,,,,,,,,,0.0,0.0,0.0,1.0,The ultimate user progress gadget based on estimations,105.0,0.0,0.0,commercial,Progress Highlighting for Jira,Paid via Atlassian,Two,1.0,1.475529529535195,4.0,1512652380937.0,ADWEB Software,8.0.0,800000000.0,127.0,250.0,50.0,4.0,0.0,0.0,0.0,0.0,,,,,,,,
170,52.0,0.0,0.0,0.0,4.0,0.0,0.0,0.0,0.0,-1.0,1.0,0.0,0.0,Track time in Quidlo Timesheets straight from your issues in Jira. Sync your records across all your devices,1.0,0.0,0.0,atlassian-closed-source,Quidlo Timesheets for Jira,Free,Three,2.0,1.796968276959556,4.0,1561982028438.0,Quidlo,1.0.0-AC,1000000.0,,,,,,,,,,,,,,,,
171,31.0,11834.0,33175.0,5.0,0.0,0.0,0.0,0.0,0.0,1.0,1.0,0.0,1.0,Release management planning and Time Tracking of Team members,103.0,0.0,0.0,atlassian-closed-source,Release Board Hub,Paid via Atlassian,Three,0.0,0.0,0.0,1552296450431.0,Greenyloop,1.1.3-AC,1001003.0,1047.0,2640.0,10.0,0.0,0.0,0.0,0.0,0.0,,,,,,,,
172,56.0,0.0,0.0,0.0,1.0,1.0,4.0,4.0,0.0,0.0,1.0,0.0,1.0,"Timetracking, Team Planning, Controlling, HR Management",133.0,0.0,0.0,commercial-free,CoffeeCup App,Free,Two,4.0,1.370021564209444,2.5,1533564304418.0,CoffeeCup GmbH,1.0.1.10,100000152.0,0.0,0.0,0.0,0.0,0.0,0.0,0.0,0.0,,,,,,,,
173,8.0,,,,,,,,,0.0,0.0,0.0,1.0,This intuitive Jira plugin is an all-in-one dashboard with daily work logs & performance reports for project managers & team leads,120.0,0.0,0.0,commercial,TeamLog: Time Tracking & Reporting Tool,Paid via Atlassian,Two,3.0,2.030545624680458,4.0,1505896935469.0,RMCSoft,1.3.1,1000031.0,1779.0,6000.0,15.0,4.0,4.0,4.0,0.0,0.0,,,,,,,,
174,19.0,2643.0,6175.0,2.5,0.0,0.0,0.0,0.0,0.0,0.0,1.0,0.0,0.0,Track time of how long issues stayed in the specific status,0.0,0.0,0.0,commercial,Time in Status Lite,Paid via Atlassian,Three,0.0,0.0,0.0,1589883834358.0,SaaSJet,1.0.3-AC,1000003.0,,,,,,,,,,,,,,,,
175,32.0,,,,,,,,,-1.0,0.0,1.0,1.0,Track time on projects and tasks with your team. Turn it to smart reports that keep your clients or managers in the loop,963.0,0.0,0.0,commercial,Time Tracker for Jira,Paid via Atlassian,Two,0.0,0.0,0.0,1554459992657.0,Alpha Serve,3.8.9,300800910.0,626.0,1500.0,10.0,0.0,0.0,0.0,0.0,0.0,3820.0,9000.0,150.0,0.0,0.0,0.0,0.0,0.0
176,32.0,11636.0,35000.0,0.7,0.0,0.0,0.0,0.0,0.0,-1.0,1.0,1.0,1.0,"Time management, project planning, priority management, personal effectiveness",39.0,0.0,0.0,atlassian-closed-source,Priority Matrix,Paid via Atlassian,Two,0.0,0.0,0.0,1593426400283.0,Geekminds,2.0.0,1000050.0,987.0,3150.0,10.0,0.0,0.0,0.0,0.0,0.0,8956.0,18000.0,175.0,0.0,0.0,0.0,0.0,0.0
177,25.0,22890.0,59475.0,10.0,0.0,0.0,0.0,0.0,0.0,-2.0,1.0,1.0,1.0,"Start tracking instantly, recording time automatically and review timesheets visually. For Relaxing Times ‚Äì Make it EasyTime",162.0,0.0,0.0,commercial,EasyTime ‚Äì Automatic time tracking,Paid via Atlassian,Three,0.0,0.0,0.0,1593768796246.0,TechTime Initiative Group Limited,4.0.0-AC,4000000.0,4834.0,12000.0,10.0,0.0,0.0,0.0,0.0,0.0,15517.0,30000.0,1000.0,0.0,0.0,0.0,0.0,0.0
178,61.0,0.0,0.0,0.0,0.0,0.0,0.0,0.0,0.0,1.0,1.0,1.0,1.0,"Generate work log reports, aggregated from multiple Jira instances",98.0,0.0,0.0,commercial-free,Time Reports for Remote Jira,Free,Two,2.0,1.570835502833915,3.5,1591803311668.0,Rozdoum,1.0.1,100000101.0,0.0,0.0,0.0,0.0,0.0,0.0,0.0,0.0,0.0,0.0,0.0,0.0,0.0,0.0,0.0,0.0
179,55.0,,,,,,,,,0.0,0.0,1.0,1.0,"Create scripts to integrate and sync data between Jira and Tempo for better collaboration, team organization and work automation",568.0,0.0,0.0,commercial-free,SIL Tempo Connector,Free,Two,1.0,1.475529529535195,4.0,1564610458844.0,Cprime,4.8.0.6,151.0,0.0,0.0,0.0,0.0,0.0,0.0,0.0,0.0,0.0,0.0,0.0,0.0,0.0,0.0,0.0,0.0
180,8.0,,,,,,,,,0.0,0.0,0.0,1.0,User Absence Management,79.0,0.0,0.0,commercial,A4J - Absence for Jira,Paid via Atlassian,Two,1.0,1.220365074374526,3.0,1573647525604.0,ease solutions Pte Ltd,1.3.3-1-JIRA8,1030300108.0,2159.0,9000.0,10.0,3.0,0.0,0.0,0.0,0.0,,,,,,,,
181,14.0,,,,,,,,,1.0,0.0,0.0,1.0,"Record, track and organize your working hours in Jira and transfer them automatically to MOCO",145.0,0.0,0.0,commercial,MOCO Time Tracking for Jira,Paid via Atlassian,Two,0.0,0.0,0.0,1537957702689.0,Scolution GmbH & Co. KG,1.3.1,100200110.0,1068.0,2640.0,10.0,0.0,0.0,0.0,0.0,0.0,,,,,,,,
182,28.0,,,,,,,,,0.0,0.0,0.0,1.0,"Plugin to create/update Blue Ant activities or ToDos from Jira, work-time recording, % complete and remaining hours in Blue Ant",1136.0,0.0,0.0,commercial-free,Blue Ant plugin for work-time,Free,Two,4.0,2.208993904840618,4.0,1567010274668.0,proventis GmbH,1.6.0.13,100100700.0,0.0,0.0,0.0,4.0,4.0,0.0,0.0,0.0,,,,,,,,
183,16.0,,,,,,,,,-1.0,0.0,0.0,1.0,Painless programmable and ready to use Excel reporting. Use SIL¬Æ scripts to export anything you wish to Excel,447.0,0.0,0.0,commercial,SIL Excel Reporting,Paid via Atlassian,Two,0.0,0.0,0.0,1444953600000.0,Cprime,2.5.4-jira8,201.0,1460.0,3600.0,10.0,0.0,0.0,0.0,0.0,0.0,,,,,,,,
184,50.0,0.0,0.0,0.0,1.0,0.0,0.0,0.0,0.0,0.0,1.0,0.0,0.0,Work more efficiently by entering time within Jira for Dovico Timesheet,7.0,0.0,0.0,commercial-free,Dovico Time Tracking for Jira,Free,Three,4.0,1.110580342518231,1.75,1422576000000.0,Dovico Software Inc.,1.0.0-AC,1000000.0,,,,,,,,,,,,,,,,
185,6.0,,,,,,,,,1.0,0.0,0.0,1.0,View Epic Sum/Hierarchy with rolled up estimates report for epics and track your issues with their time in status,68.0,0.0,0.0,commercial,Agile Tools ‚Äì Epic Tree & Time in Status,Paid via Atlassian,Two,1.0,1.475529529535195,4.0,1601537245490.0,RVS,1.0.14,1001060.0,1423.0,4000.0,10.0,4.0,0.0,0.0,0.0,0.0,,,,,,,,
186,11.0,,,,,,,,,-2.0,0.0,0.0,1.0,"Measure individual, team or project performance. Improve KPI's by continuous feedback and reviews",210.0,0.0,0.0,commercial,User KPI for Jira,Paid via Atlassian,Two,0.0,0.0,0.0,1531131446683.0,ADWEB Software,2.0.0,150.0,36.0,50.0,10.0,0.0,0.0,0.0,0.0,0.0,,,,,,,,
187,13.0,,,,,,,,,0.0,0.0,0.0,1.0,"This component allows to record the working day start and end time, mandatory on some countries like Spain",210.0,0.0,0.0,commercial-free,WorkDay Control for Jira,Free,Two,7.0,2.441682776165097,3.857142925262451,1557832887161.0,excentia,1.2.1,100200100.0,0.0,0.0,0.0,3.0,0.0,0.0,0.0,0.0,,,,,,,,
188,12.0,,,,,,,,,2.0,0.0,0.0,1.0,Shows you how much worklog you entered today in Jira's top bar,67.0,0.0,0.0,commercial-free,Work Log Indicator,Free,Two,4.0,2.208993904840618,4.0,1589463795549.0,Kod Gemisi,1.0.0,1000000.0,0.0,0.0,0.0,4.0,4.0,0.0,0.0,0.0,,,,,,,,
189,9.0,,,,,,,,,-1.0,0.0,0.0,1.0,Log work for another user and clear remaining estimate when issue is resolved,735.0,0.0,0.0,commercial-free,Log Work Utilities,Free,Two,4.0,1.183681504968782,2.0,1445904000000.0,Gebsun,1.0.2,1000011.0,0.0,0.0,0.0,2.0,1.0,1.0,0.0,0.0,,,,,,,,
190,25.0,,,,,,,,,-2.0,0.0,0.0,1.0,"HR, leave & absence management for your Team",504.0,0.0,0.0,commercial,Calamari Connector for Jira,Free,Two,0.0,0.0,0.0,1520342564396.0,CHROBRUS,1.4.0,100400000.0,0.0,0.0,0.0,0.0,0.0,0.0,0.0,0.0,,,,,,,,
191,28.0,0.0,0.0,0.0,1.0,0.0,0.0,0.0,0.0,-2.0,1.0,0.0,0.0,Automatic time tracking. Builds your timesheet without interrupting flow. Get effortlessly detailed reports & retain your privacy,0.0,0.0,0.0,commercial,Autonomous Time Keeping for Jira Cloud,Free,Three,1.0,1.0,1.0,1579177230198.0,WiseTime,1.0.2-AC,1000002.0,,,,,,,,,,,,,,,,
192,13.0,10281.0,30350.0,5.0,0.0,0.0,0.0,0.0,0.0,1.0,1.0,0.0,0.0,"Understanding how issues move through workflows, their time in status, where they get stuck, and how long they sit idle",4.0,0.0,0.0,commercial,Issue analyzer for Jira,Paid via Atlassian,Three,0.0,0.0,0.0,1550586350967.0,55 Degrees AB,1.0.5-AC,1000005.0,,,,,,,,,,,,,,,,
193,11.0,,,,,,,,,0.0,0.0,0.0,1.0,Easy and functional time tracking tool using Jira native worklog features,237.0,0.0,0.0,commercial,Spectrum Timesheets,Paid via Atlassian,Two,0.0,0.0,0.0,1493301379867.0,SPECTRUM GROUPE,1.8,1000080.0,784.0,2000.0,10.0,0.0,0.0,0.0,0.0,0.0,,,,,,,,
194,4.0,3999.0,10775.0,1.0,0.0,0.0,0.0,0.0,0.0,0.0,1.0,0.0,0.0,View distribution of work logs amongst issues and team members at a glance,3.0,0.0,0.0,commercial,Work Log Visibility Plugin,Paid via Atlassian,Three,0.0,0.0,0.0,1558422795043.0,Novalab Teknoloji,1.0.2-AC,1000002.0,,,,,,,,,,,,,,,,
195,10.0,,,,,,,,,-1.0,0.0,0.0,1.0,restricted worklog,160.0,0.0,0.0,commercial,Gears worklog-restricted for Jira,Paid via Atlassian,Two,0.0,0.0,0.0,1515164552722.0,hktx.cn (Ê±áÁßëÂ§©‰∏ã),1.2.0,1000060.0,2390.0,5000.0,10.0,0.0,0.0,0.0,0.0,0.0,,,,,,,,
196,9.0,,,,,,,,,0.0,0.0,0.0,1.0,Automatically plan team's work and get optimal deadlines,87.0,0.0,0.0,commercial,Bulk Planning,Free,Two,0.0,0.0,0.0,1558421093029.0,Globo Solutions,1.3.2,100300200.0,0.0,0.0,0.0,0.0,0.0,0.0,0.0,0.0,,,,,,,,
197,35.0,0.0,0.0,0.0,0.0,0.0,0.0,0.0,0.0,0.0,1.0,0.0,0.0,"Track and analyze time spent with Jira issues. Automatic task switching, real-time monitoring and powerful productivity reports",3.0,0.0,0.0,commercial-free,JC360 for Jira,Free,Three,0.0,0.0,0.0,1557183356150.0,JobCTRL Inc.,1.0.0-AC,1000000.0,,,,,,,,,,,,,,,,
198,2.0,,,,,,,,,1.0,0.0,0.0,1.0,"Allows to monitor the time between changes in the fields of the issue: Status, Assignee, Priority, e.t., and also custom fields",23.0,0.0,0.0,asl,Time History,Paid via Atlassian,Two,2.0,1.796968276959556,4.0,1600433975761.0,SolaceIn,1.1.0,1000010.0,1452.0,5300.0,20.0,4.0,4.0,0.0,0.0,0.0,,,,,,,,
199,5.0,,,,,,,,,-1.0,0.0,0.0,1.0,"Insights from your team Work logs based on time reports with comprehensive charts by Projects, Issues, Users, Teams or JQL",66.0,0.0,0.0,commercial,Spectrum TimeReports,Paid via Atlassian,Two,0.0,0.0,0.0,1574256755023.0,SPECTRUM GROUPE,2.1,1000030.0,784.0,2000.0,10.0,0.0,0.0,0.0,0.0,0.0,,,,,,,,
200,2.0,,,,,,,,,0.0,0.0,0.0,1.0,"Load & capacity planning for teams or individuals: Epic phases or stories on a timeline, with planned vs actual start & end dates",36.0,0.0,0.0,commercial,Phases for Jira,Paid via Atlassian,Two,1.0,1.059079763788188,2.0,1547742694567.0,Sellegi,1.1,100100000.0,3126.0,15200.0,10.0,2.0,0.0,0.0,0.0,0.0,,,,,,,,
201,1.0,,,,,,,,,1.0,0.0,0.0,1.0,Get your estimation done right. Follow scientific best practices. Streamline estimations with distributed teams,13.0,0.0,0.0,commercial,Quantum::Estimator for JIRA,Paid via Atlassian,Two,1.0,1.475529529535195,4.0,1594303242823.0,Datarocks,1.1.0,1000001.0,3484.0,13400.0,10.0,4.0,0.0,0.0,0.0,0.0,,,,,,,,
202,8.0,0.0,0.0,0.0,4.0,1.0,0.0,0.0,0.0,7.0,1.0,0.0,0.0,Easy and intuitive Jira app for quick backlog estimation. A great alternative to planning poker game for any agile team,0.0,0.0,0.0,commercial-free,Magic Estimations,Free,Three,4.0,1.73756697984877,3.25,1604740773291.0,Tech-5,1.1.1-AC,1001001.0,,,,,,,,,,,,,,,,
203,11.0,17199.0,50650.0,4.0,0.0,0.0,0.0,0.0,0.0,0.0,1.0,0.0,0.0,Time Tracking & Timesheet Reporting tool with issue timer and dashboard gadget for your worklogs,6.0,0.0,0.0,commercial,Pulse.Timesheet Plus with Time Tracking,Paid via Atlassian,Three,0.0,0.0,0.0,1549893920730.0,PulseKit,2.1.8-AC,2001008.0,,,,,,,,,,,,,,,,
204,1.0,7022.0,17325.0,10.0,0.0,0.0,0.0,0.0,0.0,0.0,1.0,0.0,0.0,Visualise and track your entire program on a single page. Create levels of hierarchy above Epics and group issues with JQL,0.0,0.0,0.0,commercial,Program Tree - Extra Hierarchy for Jira,Paid via Atlassian,Three,1.0,1.475529529535195,4.0,1604981649813.0,Rhys Diab,1.5.3-AC,1005003.0,,,,,,,,,,,,,,,,
205,7.0,12568.0,23050.0,3.0,0.0,0.0,0.0,0.0,0.0,0.0,1.0,0.0,0.0,Identify bottlenecks in your projects and sprints,7.0,0.0,0.0,commercial,Abacolla Issue Drill Down & Reporting,Paid via Atlassian,Three,0.0,0.0,0.0,1415750400000.0,SuperAktiv AS,1.0.10-AC,1000010.0,,,,,,,,,,,,,,,,
206,30.0,0.0,0.0,0.0,0.0,0.0,0.0,0.0,0.0,17.0,1.0,0.0,0.0,"Every issue has an Excel-like table. Making a spreadsheet and using a formula such as SUM, AVERAGE, and COUNT is easier than ever",0.0,0.0,0.0,commercial,Excel-like Tables for Jira,Free,Three,0.0,0.0,0.0,1603903119561.0,"Ricksoft, Inc.",1.0.1-AC,1000001.0,,,,,,,,,,,,,,,,
207,38.0,,,,,,,,,1.0,0.0,1.0,1.0,Configure SLA Alerts for breaching and breached SLA's and manage which breaches you want to receive notifications for,422.0,0.0,0.0,asl,SLA Alerts Lite for Jira Service Desk,Free,Two,2.0,1.570835502833915,3.5,1580234803052.0,Yiraphic,1.3.3,100300301.0,0.0,0.0,0.0,0.0,0.0,0.0,0.0,0.0,0.0,0.0,0.0,0.0,0.0,0.0,0.0,0.0
208,0.0,,,,,,,,,0.0,0.0,1.0,1.0,Estimate more accurately in a time efficient manner. Estimator - all that's needed for accurate estimates and efficient planning,17.0,0.0,0.0,commercial,Estimator for Jira Estimation & Planning,Paid via Atlassian,Two,0.0,0.0,0.0,1605618724052.0,DSPlugins,1.0.4,1000061.0,484.0,1500.0,10.0,0.0,0.0,0.0,0.0,0.0,4976.0,10000.0,130.0,0.0,0.0,0.0,0.0,0.0
209,5.0,,,,,,,,,0.0,0.0,0.0,1.0,Manage your Timesheet directly from your Dashboard! Powerful timesheet visualisation and edition from user's dashboard,108.0,0.0,0.0,commercial,Time Tracking and Logging from Dashboard,Paid via Atlassian,Two,1.0,1.475529529535195,4.0,1534512833293.0,MCasmadin,8.2.2.0,1000020.0,723.0,3000.0,10.0,4.0,0.0,0.0,0.0,0.0,,,,,,,,
210,1.0,17057.0,50500.0,5.0,0.0,0.0,0.0,0.0,0.0,0.0,1.0,0.0,0.0,"Sprint Planning, Retrospective, Time tracking, Time report generation",3.0,0.0,0.0,commercial-free,Sprint helper toolkit,Paid via Atlassian,Three,1.0,1.475529529535195,4.0,1549212000582.0,RAJYS,1.0.2-AC,1000002.0,,,,,,,,,,,,,,,,
211,1.0,,,,,,,,,0.0,0.0,0.0,1.0,Timesheet and work-log reports,2.0,0.0,0.0,commercial,Timesheet for Jira,Paid via Atlassian,Two,0.0,0.0,0.0,1604767920909.0,i4ware Software,1.0.1,1000010.0,3484.0,13400.0,10.0,0.0,0.0,0.0,0.0,0.0,,,,,,,,
212,2.0,,,,,,,,,-1.0,0.0,0.0,1.0,Optimize time tracking processes by automatically logging hours for employee's absence,51.0,0.0,0.0,commercial-free,Absence Tracking for Jira,Paid via Atlassian,Two,0.0,0.0,0.0,1567777854278.0,Rozdoum,1.0.2,100000200.0,0.0,0.0,0.0,0.0,0.0,0.0,0.0,0.0,,,,,,,,
213,0.0,,,,,,,,,0.0,0.0,0.0,1.0,New version: ‚†Ä‚†Ä  https://bitly.com/atl_app ‚†Ä‚†Ä Resource Planning & Time Tracking,11026.0,0.0,0.0,commercial,ActivityTimeline (Legacy Edition),Paid via Vendor,None,71.0,3.510216001726512,3.957746505737305,1340773200000.0,Reliex,7.5,700500000.0,0.0,0.0,0.0,4.0,4.0,4.0,4.0,4.0,,,,,,,,
214,3.0,66497.0,200000.0,10.0,0.0,0.0,0.0,0.0,0.0,-1.0,1.0,0.0,0.0,Guesswork seldom works! Game ahead with USeP Estimates,0.0,0.0,0.0,commercial,USeP - User Story to effort Predictor,Paid via Atlassian,Three,0.0,0.0,0.0,1601286664312.0,Amrut Software Pvt Ltd,1.3.0-AC,1003000.0,,,,,,,,,,,,,,,,
215,2.0,16624.0,50000.0,1.0,0.0,0.0,0.0,0.0,0.0,0.0,1.0,0.0,0.0,Tempo Notification Worklog Reminders,0.0,0.0,0.0,commercial,Boomslang,Paid via Atlassian,Three,0.0,0.0,0.0,1583754519632.0,Montrose Software,1.0.7-AC,1000007.0,,,,,,,,,,,,,,,,
216,1.0,10280.0,30350.0,1.0,0.0,0.0,0.0,0.0,0.0,0.0,1.0,0.0,0.0,Smart time reports and projects/sprints summary view,0.0,0.0,0.0,atlassian-closed-source,CB Time Report,Paid via Atlassian,Three,0.0,0.0,0.0,1581492384847.0,Citrusbits Inc.,1.1.1-AC,1001001.0,,,,,,,,,,,,,,,,
217,0.0,0.0,0.0,0.0,0.0,0.0,0.0,0.0,0.0,0.0,1.0,0.0,0.0,This app will save you time by calculating the time your team spends in sprint and delivering a report to an email address,0.0,0.0,0.0,atlassian-closed-source,Simple Time Tracker Report for Jira,Free,Three,0.0,0.0,0.0,1605610117857.0,simplereport.technology,1.0.370-AC,1000370.0,,,,,,,,,,,,,,,,
218,3.0,0.0,0.0,0.0,4.0,0.0,0.0,0.0,0.0,2.0,1.0,0.0,0.0,Time tracking and project budget management across systems made a piece of cake,0.0,0.0,0.0,commercial,Manday,Free,Three,1.0,1.475529529535195,4.0,1604740533907.0,Sense4code s.r.o.,1.1.3-AC,1001003.0,,,,,,,,,,,,,,,,
219,1.0,51402.0,151750.0,10.0,0.0,0.0,0.0,0.0,0.0,0.0,1.0,0.0,0.0,Get an accurate look at you past workweeks,0.0,0.0,0.0,atlassian-closed-source,TaskPro,Paid via Atlassian,Three,0.0,0.0,0.0,1575482874794.0,Sioux Group,2.2.1-AC,2002001.0,,,,,,,,,,,,,,,,
220,0.0,,,,,,,,,0.0,0.0,0.0,1.0,Assistant to help manage your 'wibbily wobbly timey wimey' for Jira,946.0,0.0,0.0,gpl,Gallifrey - Time Tracking Assistant,Free,None,1.0,1.475529529535195,4.0,1401753600000.0,Chris Blyth,3.6.0,300600000.0,0.0,0.0,0.0,4.0,0.0,0.0,0.0,0.0,,,,,,,,
221,1.0,30840.0,91050.0,3.0,0.0,0.0,0.0,0.0,0.0,0.0,1.0,0.0,0.0,Summarize the worklogs in search period,0.0,0.0,0.0,asl,WLR,Paid via Atlassian,Three,0.0,0.0,0.0,1587323631715.0,Lonely Software,1.0.5-AC,1000005.0,,,,,,,,,,,,,,,,
222,0.0,,,,,,,,,0.0,0.0,0.0,1.0,Hassle-free time tracking for Jira - Because timesheets suck,8844.0,0.0,0.0,commercial,Worklog Assistant (time tracking),Paid via Vendor,None,24.0,2.872209313658738,3.666666746139526,1242536400000.0,Fizz Buzz Inc.,2.1.8-r583f97b,2001003649.0,0.0,0.0,0.0,1.0,4.0,4.0,4.0,3.0,,,,,,,,
223,1.0,,,,,,,,,0.0,0.0,0.0,1.0,"RM supports Leader of Project, Department or authorized people can manage the using of resources in projects",52.0,0.0,0.0,commercial,Flexi Resources Management,Paid via Atlassian,Two,0.0,0.0,0.0,1547739334846.0,FSOFT - FPT Software,1.0.0,100000010.0,1262.0,3040.0,10.0,0.0,0.0,0.0,0.0,0.0,,,,,,,,
224,0.0,0.0,0.0,0.0,4.0,4.0,4.0,4.0,4.0,0.0,1.0,0.0,0.0,#1 Project Time Tracking Solution for Jira. Trusted by thousands of companies across 70+ countries for their time tracking needs,0.0,0.0,0.0,commercial,Replicon Time Tracking for Jira,Free,None,9.0,2.713415450110088,4.0,1526301603296.0,Replicon Inc,1.0.0,1000000.0,,,,,,,,,,,,,,,,
225,1.0,,,,,,,,,0.0,0.0,0.0,1.0,Convert worklogs and reports between Hours and Man Days M/D in Tempo timesheets and Tempo budget,14.0,0.0,0.0,commercial,Hours to Man Days for Tempo,Paid via Atlassian,Two,0.0,0.0,0.0,1595339226660.0,Mind-Mercatis,1.0.4,1000000.0,50.0,100.0,10.0,0.0,0.0,0.0,0.0,0.0,,,,,,,,
226,1.0,0.0,0.0,0.0,0.0,0.0,0.0,0.0,0.0,1.0,1.0,0.0,0.0,Digital meeting board for your agile stand-ups. NOTE: this is a paid app currently pending Atlassian pricing review,0.0,0.0,0.0,commercial,Kamba your Agile Standup Board,Free,Three,0.0,0.0,0.0,1604998302598.0,THALES,1.0.5-AC,1000005.0,,,,,,,,,,,,,,,,
227,3.0,34779.0,101750.0,10.0,0.0,0.0,0.0,0.0,0.0,-2.0,1.0,0.0,0.0,Easy time tracking and scheduling,0.0,0.0,0.0,commercial,Mirhai Timesheets for Jira,Paid via Atlassian,Three,0.0,0.0,0.0,1601283330011.0,Mirhai Inc.,1.1.1-AC,1001001.0,,,,,,,,,,,,,,,,
228,1.0,,,,,,,,,-1.0,0.0,0.0,1.0,Reliable and easy: Log your time in Jira and SAP simultaneously without having to switch platforms,0.0,0.0,0.0,commercial,it.JCATS - SAP Worklogs with Jira,Paid via Vendor,None,0.0,0.0,0.0,1597739111067.0,acocon GmbH - business division greenique,1.1,100100000.0,0.0,0.0,0.0,0.0,0.0,0.0,0.0,0.0,,,,,,,,
229,0.0,25244.0,75350.0,10.0,0.0,0.0,0.0,0.0,0.0,0.0,1.0,0.0,0.0,Wage calculation based on worklogs - made easy,0.0,0.0,0.0,commercial,WageLog,Paid via Atlassian,Three,0.0,0.0,0.0,1586954085010.0,JonDos GmbH,1.0.0-AC,1000000.0,,,,,,,,,,,,,,,,
230,2.0,,,,,,,,,1.0,0.0,0.0,1.0,Speed up and formalize you Project and Time Management,29.0,0.0,0.0,commercial,Estimate: Project Analysis Tool,Paid via Atlassian,Two,0.0,0.0,0.0,1537880914410.0,RMCSoft,1.0.2,1000010.0,2052.0,7500.0,20.0,0.0,0.0,0.0,0.0,0.0,,,,,,,,
231,0.0,0.0,0.0,0.0,4.0,0.0,0.0,0.0,0.0,0.0,1.0,0.0,0.0,Monitor organisation performance against strategic goals with real-time ServiceClarity KPI reporting tools,366.0,0.0,0.0,commercial,Executive KPI Reporting for Jira,Paid via Vendor,None,1.0,1.475529529535195,4.0,1553608004078.0,ServiceClarity for JIRA,1.1,4000001176010.0,,,,,,,,,,,,,,,,
232,0.0,0.0,0.0,0.0,4.0,2.0,4.0,0.0,0.0,0.0,1.0,0.0,0.0,Jira in spreadsheets: the solution for your reporting pains,0.0,0.0,1.0,commercial-free,Jira Cloud for Google Sheets (Official),Free,None,4.0,1.882677764145362,3.5,1553719581518.0,Atlassian,1.0.0,1000000.0,,,,,,,,,,,,,,,,
233,1.0,25703.0,75875.0,12.5,0.0,0.0,0.0,0.0,0.0,0.0,1.0,0.0,1.0,Build a custom JIRA Data Connector to import issues in Microstrategy,11.0,0.0,0.0,commercial,Microstrategy Connector for Jira,Paid via Vendor,Two,0.0,0.0,0.0,1602679489615.0,PLUGM,1.0.1-SNAPSHOT,1000020.0,0.0,0.0,0.0,0.0,0.0,0.0,0.0,0.0,,,,,,,,
234,0.0,0.0,0.0,0.0,4.0,4.0,4.0,4.0,0.0,0.0,1.0,0.0,1.0,Fully automatic time tracking ‚Äì timeBro automatically captures all your computer activities & exports your time tracking to Jira,0.0,0.0,0.0,commercial,timeBro,Paid via Vendor,None,4.0,2.208993904840618,4.0,1562034608368.0,timeBro,1.0.0,300000000.0,0.0,0.0,0.0,0.0,0.0,0.0,0.0,0.0,,,,,,,,
235,0.0,0.0,0.0,0.0,4.0,0.0,0.0,0.0,0.0,0.0,1.0,0.0,1.0,Bring Jira and Harvest together! How is your project going against budget? Burning fast or slow? Find out in easy to read graphs,0.0,0.0,0.0,commercial,Projectt,Paid via Vendor,None,2.0,1.796968276959556,4.0,1559547604071.0,RedAnt,1.0,1000000.0,0.0,0.0,0.0,0.0,0.0,0.0,0.0,0.0,,,,,,,,
236,0.0,,,,,,,,,0.0,0.0,1.0,1.0,Put on your business socks and enjoy timesheets without any hassle,23.0,0.0,0.0,asl,Business Time for Jira,Paid via Atlassian,Two,0.0,0.0,0.0,1561698909477.0,CTO Kit,1.0.1,1000000.0,7745.0,30000.0,10.0,0.0,0.0,0.0,0.0,0.0,16500.0,60000.0,800.0,0.0,0.0,0.0,0.0,0.0
237,0.0,0.0,0.0,0.0,2.0,4.0,4.0,4.0,0.0,0.0,1.0,0.0,1.0,"Chronos Timetracker - Desktop client for JIRA.  Track time, upload automatic and  manual worklogs without a hassle",0.0,0.0,0.0,bsd,Timetracker - Time tracking jira client,Free,None,5.0,2.060349837112407,3.599999904632568,1512523153472.0,WebPal,1.0.0,200400000.0,0.0,0.0,0.0,4.0,0.0,0.0,0.0,0.0,,,,,,,,
238,1.0,4190.0,11000.0,5.0,0.0,0.0,0.0,0.0,0.0,0.0,1.0,0.0,1.0,Automatically¬†add your issues to future sprints according to the team velocity and sprint future Velocity in one click,11.0,0.0,0.0,commercial,Sprints Instant Scheduling,Paid via Atlassian,Three,0.0,0.0,0.0,1602485698030.0,Add-On Experts Center,1.1.0-AC,1001000.0,946.0,2300.0,10.0,0.0,0.0,0.0,0.0,0.0,,,,,,,,
239,0.0,0.0,0.0,0.0,4.0,4.0,4.0,0.0,0.0,0.0,1.0,0.0,1.0,"Add worklog via calendar, import issues, export Timesheet, Sprint, Estimate and custom reports / chart via Report Builder for free",0.0,0.0,0.0,gpl,JAssistant,Free,None,4.0,2.208993904840618,4.0,1577131895011.0,Shridhar TL,0.93,931225.0,0.0,0.0,0.0,0.0,0.0,0.0,0.0,0.0,,,,,,,,
240,1.0,0.0,0.0,0.0,0.0,0.0,0.0,0.0,0.0,0.0,1.0,0.0,0.0,Manage your charity tasks in Jira easily,0.0,0.0,0.0,commercial-free,U-Pledge,Free,Three,0.0,0.0,0.0,1595835533679.0,Everit Kft.,1.0.0-AC,1000000.0,,,,,,,,,,,,,,,,
241,0.0,,,,,,,,,0.0,0.0,0.0,1.0,Simple Windows desktop app for time tracking (worklog posting) using issue info from browser,710.0,0.0,0.0,commercial,Time Logger for Jira,Paid via Vendor,None,2.0,1.107610241629957,2.0,1392595200000.0,Kvipu,1.0.9,100000900.0,0.0,0.0,0.0,1.0,3.0,0.0,0.0,0.0,,,,,,,,
242,0.0,,,,,,,,,0.0,0.0,0.0,1.0,"Time tracking platform with proof of work that supports Mac, Windows, Linux, Android, iOS, Chromebook and Chrome browser",0.0,0.0,0.0,commercial,Hubstaff,Paid via Vendor,None,0.0,0.0,0.0,1434499200000.0,Hubstaff,1.1.6,59.0,0.0,0.0,0.0,0.0,0.0,0.0,0.0,0.0,,,,,,,,
243,0.0,0.0,0.0,0.0,2.0,4.0,1.0,0.0,0.0,0.0,1.0,0.0,0.0,Export Jira data to Excel - Combine the power of Jira with the flexibility of Excel,1692.0,0.0,1.0,commercial-free,Jira Cloud for Excel (official),Free,None,3.0,1.247779919035435,2.333333253860474,1573061465316.0,Atlassian,1.0,1000000.0,,,,,,,,,,,,,,,,
244,0.0,,,,,,,,,0.0,0.0,0.0,1.0,Expertly automated timekeeping that doesn‚Äôt interrupt your workflow,0.0,0.0,0.0,commercial,WiseTime Autonomous Timekeeper - Server,Paid via Vendor,None,0.0,0.0,0.0,1580308949389.0,WiseTime,1.0.0,1000000.0,0.0,0.0,0.0,0.0,0.0,0.0,0.0,0.0,,,,,,,,
245,0.0,0.0,0.0,0.0,0.0,0.0,0.0,0.0,0.0,0.0,1.0,0.0,1.0,Desktop app for tracking worklogs in Jira,1.0,0.0,0.0,asl,WT4 - Worklog tracker for Jira,Free,None,0.0,0.0,0.0,1585057811467.0,Marius Merkeviƒçius,1.8.0,1008001.0,0.0,0.0,0.0,0.0,0.0,0.0,0.0,0.0,,,,,,,,
246,0.0,0.0,0.0,0.0,0.0,0.0,0.0,0.0,0.0,0.0,1.0,0.0,1.0,"Tima is the solution for all your day2day Jira needs when you‚Äôre on the road: track time, log work and view reports",0.0,0.0,0.0,commercial-free,Tima - Track Time & Log Work in Jira,Free,None,0.0,0.0,0.0,1594289566075.0,FELGO GmbH,1.0,1000000.0,0.0,0.0,0.0,0.0,0.0,0.0,0.0,0.0,,,,,,,,
247,0.0,0.0,0.0,0.0,0.0,0.0,0.0,0.0,0.0,0.0,1.0,0.0,1.0,Don't waste time adding Worklogs,0.0,0.0,0.0,gpl,CLI for developer worklog tracking,Free,None,0.0,0.0,0.0,1603287114635.0,Ruairi O'Donnell,0.01,1000000.0,0.0,0.0,0.0,0.0,0.0,0.0,0.0,0.0,,,,,,,,
248,0.0,0.0,0.0,0.0,0.0,0.0,0.0,0.0,0.0,0.0,1.0,0.0,1.0,Easy-to-use automatic time tracking software for Jira,0.0,0.0,0.0,commercial-free,Time Tracking for Jira with Monitask,Free,None,0.0,0.0,0.0,1604652901643.0,"FEST Technologies, LLC",1.0.0,1000000.0,0.0,0.0,0.0,0.0,0.0,0.0,0.0,0.0,,,,,,,,
249,0.0,0.0,0.0,0.0,0.0,0.0,0.0,0.0,0.0,0.0,1.0,0.0,1.0,Turn story points into time estimates and notify the team when work won't be done on time. See where you're overestimating,0.0,0.0,0.0,commercial,Comb helps teams ship software on time,Paid via Vendor,None,0.0,0.0,0.0,1566955002000.0,Comb,1.0.0,1000000.0,0.0,0.0,0.0,0.0,0.0,0.0,0.0,0.0,,,,,,,,
